:020000040800F2
:1000000000000120615A0008793F00087B3F00088A
:100010007D3F00087F3F0008813F0008000000008E
:10002000000000000000000000000000833F000806
:10003000853F000800000000873F0008893F000856
:10004000B15A0008B15A0008B15A0008B15A000864
:10005000B15A0008B15A0008B15A0008B15A000854
:10006000B15A0008B15A0008B15A0008B15A000844
:10007000B15A0008B15A0008B15A0008B15A000834
:10008000B15A0008B15A0008B15A00080000000037
:10009000000000000000000000000000B15A00084D
:1000A000B15A0008B15A0008B15A0008B15A000804
:1000B000913F0008A13F0008B13F0008B15A000875
:1000C000B15A0008B15A0008B15A0008B15A0008E4
:1000D000B15A0008B15A0008B15A000800000000E7
:1000E000B15A0008B15A0008B15A000800000000D7
:1000F000000000000000000000000000B15A0008ED
:1001000000000000B15A0008B15A0008B15A0008B6
:1001100000000000000000000000000000000000DF
:10012000C13F0008B15A0008B15A0008B15A00088E
:10013000B15A0008000000000000000000000000AC
:10014000000000000000000000000000B15A00089C
:10015000B15A0008B15A0008B15A0008B15A000853
:10016000B15A0008B15A0008000000000000000069
:10017000000000000000000000000000000000007F
:1001800000000000B15A000800000000000000005C
:04019000B15A000858
:1001C00010B5054C237833B9044B13B10448AFF391
:1001D00000800123237010BDF00900200000000002
:1001E000ACF8000808B5034B1BB103490348AFF353
:1001F000008008BD00000000F4090020ACF80008F1
:1002000081F0004102E000BF83F0004330B54FEAC7
:1002100041044FEA430594EA050F08BF90EA020F34
:100220001FBF54EA000C55EA020C7FEA645C7FEAC7
:10023000655C00F0E2804FEA5454D4EB5555B8BFEA
:100240006D420CDD2C4480EA020281EA030382EA5B
:10025000000083EA010180EA020281EA0303362DED
:1002600088BF30BD11F0004F4FEA01314FF4801CC0
:100270004CEA113102D0404261EB410113F0004FD2
:100280004FEA03334CEA133302D0524263EB430389
:1002900094EA050F00F0A780A4F10104D5F1200E27
:1002A0000DDB02FA0EFC22FA05F2801841F1000182
:1002B00003FA0EF2801843FA05F359410EE0A5F156
:1002C00020050EF1200E012A03FA0EFC28BF4CF087
:1002D000020C43FA05F3C01851EBE37101F000453D
:1002E00007D54FF0000EDCF1000C7EEB00006EEB4A
:1002F0000101B1F5801F1BD3B1F5001F0CD34908D4
:100300005FEA30004FEA3C0C04F101044FEA44522A
:1003100012F5800F80F09A80BCF1004F08BF5FEAB1
:10032000500C50F1000041EB045141EA050130BD91
:100330005FEA4C0C404141EB0101013C28BFB1F5A3
:10034000801FE9D291F0000F04BF01460020B1FAEE
:1003500081F308BF2033A3F10B03B3F120020CDAC1
:100360000C3208DD02F1140CC2F10C0201FA0CF09F
:1003700021FA02F10CE002F11402D8BFC2F1200C04
:1003800001FA02F120FA0CFCDCBF41EA0C019040BA
:10039000E41AA2BF01EB0451294330BD6FEA040403
:1003A0001F3C1CDA0C340EDC04F11404C4F12002EE
:1003B00020FA04F001FA02F340EA030021FA04F300
:1003C00045EA030130BDC4F10C04C4F1200220FA57
:1003D00002F001FA04F340EA0300294630BD21FA95
:1003E00004F0294630BD94F0000F83F4801306BF5B
:1003F00081F480110134013D4EE77FEA645C18BF4F
:100400007FEA655C29D094EA050F08BF90EA020FE5
:1004100005D054EA000C04BF1946104630BD91EADD
:10042000030F1EBF0021002030BD5FEA545C05D1E0
:100430004000494128BF41F0004130BD14F580041F
:100440003CBF01F5801130BD01F0004545F0FE4193
:1004500041F470014FF0000030BD7FEA645C1ABFC8
:10046000194610467FEA655C1CBF0B46024650EAFF
:10047000013406BF52EA033591EA030F41F400212B
:1004800030BD00BF90F0000F04BF0021704730B5B1
:100490004FF4806404F132044FF000054FF0000186
:1004A00050E700BF90F0000F04BF0021704730B547
:1004B0004FF4806404F1320410F0004548BF40421C
:1004C0004FF000013EE700BF42004FEAE2014FEA71
:1004D00031014FEA02701FBF12F07F4393F07F4F4C
:1004E00081F06051704732F07F4208BF704793F04F
:1004F0007F4F04BF41F40021704730B54FF4607462
:1005000001F0004521F000411CE700BF50EA010264
:1005100008BF704730B54FF000050AE050EA01020D
:1005200008BF704730B511F0004502D5404261EB7D
:1005300041014FF4806404F132045FEA915C3FF4BE
:10054000D8AE4FF003025FEADC0C18BF03325FEA5B
:10055000DC0C18BF033202EBDC02C2F1200300FA0C
:1005600003FC20FA02F001FA03FE40EA0E0021FA31
:1005700002F11444BDE600BF4FF0FF3C06E000BFAF
:100580004FF0010C02E000BF4FF0010C4DF804CD1C
:100590004FEA410C7FEA6C5C4FEA430C18BF7FEADC
:1005A0006C5C1BD001B050EA410C0CBF52EA430C0A
:1005B00091EA030F02BF90EA020F0020704710F18A
:1005C000000F91EA030F58BF994208BF90422CBF19
:1005D000D8176FEAE37040F0010070474FEA410C12
:1005E0007FEA6C5C02D150EA013C07D14FEA430C30
:1005F0007FEA6C5CD6D152EA033CD3D05DF8040BA1
:10060000704700BF8446104662468C4619466346D2
:1006100000E000BF01B5FFF7B7FF002848BF10F1A9
:10062000000F01BD4DF808EDFFF7F4FF0CBF0120EE
:1006300000205DF808FB00BF4DF808EDFFF7EAFF6A
:1006400034BF012000205DF808FB00BF4DF808ED25
:10065000FFF7E0FF94BF012000205DF808FB00BF1A
:100660004DF808EDFFF7CEFF94BF012000205DF8A4
:1006700008FB00BF4DF808EDFFF7C4FF34BF0120B1
:1006800000205DF808FB00BF80F0004002E000BFE2
:1006900081F0004142001FBF5FEA410392EA030F6D
:1006A0007FEA226C7FEA236C6AD04FEA1262D2EBB7
:1006B0001363C1BFD218414048404140B8BF5B42BC
:1006C000192B88BF704710F0004F40F4000020F055
:1006D0007F4018BF404211F0004F41F4000121F06B
:1006E0007F4118BF494292EA030F3FD0A2F10102B5
:1006F00041FA03FC10EB0C00C3F1200301FA03F1F3
:1007000000F0004302D5494260EB4000B0F5000F15
:1007100013D3B0F1807F06D340084FEA310102F1D4
:100720000102FE2A51D2B1F1004F40EBC25008BF86
:1007300020F0010040EA03007047490040EB000050
:10074000013A28BFB0F5000FEDD2B0FA80FCACF151
:10075000080CB2EB0C0200FA0CF0AABF00EBC2507E
:1007600052421843BCBFD0401843704792F0000F6C
:1007700081F4000106BF80F400000132013BB5E7BF
:100780004FEA41037FEA226C18BF7FEA236C21D035
:1007900092EA030F04D092F0000F08BF084670479A
:1007A00090EA010F1CBF0020704712F07F4F04D168
:1007B000400028BF40F00040704712F100723CBF7B
:1007C00000F50000704700F0004343F0FE4040F4A5
:1007D000000070477FEA226216BF08467FEA236363
:1007E0000146420206BF5FEA412390EA010F40F44E
:1007F000800070474FF0000304E000BF10F000439A
:1008000048BF40425FEA000C08BF704743F0964380
:1008100001464FF000001CE050EA010208BF70479B
:100820004FF000030AE000BF50EA010208BF704722
:1008300011F0004302D5404261EB41015FEA010C37
:1008400002BF84460146002043F0B64308BFA3F12F
:100850008053A3F50003BCFA8CF2083AA3EBC25311
:1008600010DB01FA02FC634400FA02FCC2F1200230
:10087000BCF1004F20FA02F243EB020008BF20F067
:100880000100704702F1200201FA02FCC2F12002CD
:1008900050EA4C0021FA02F243EB020008BF20EAC2
:1008A000DC7070474FF0FF0C1CEAD0521EBF1CEAF0
:1008B000D15392EA0C0F93EA0C0F6FD01A4480EADE
:1008C000010C400218BF5FEA41211ED04FF00063C7
:1008D00043EA501043EA5111A0FB01310CF00040F3
:1008E000B1F5000F3EBF490041EAD3715B0040EA19
:1008F000010062F17F02FD2A1DD8B3F1004F40EBE9
:10090000C25008BF20F00100704790F0000F0CF0BB
:10091000004C08BF49024CEA502040EA51207F3A7F
:10092000C2BFD2F1FF0340EAC250704740F400005A
:100930004FF00003013A5DDC12F1190FDCBF00F04B
:1009400000407047C2F10002410021FA02F1C2F1F9
:10095000200200FA02FC5FEA310040F1000053EA95
:100960004C0308BF20EADC70704792F0000F00F0E3
:10097000004C02BF400010F4000F013AF9D040EAE9
:100980000C0093F0000F01F0004C02BF490011F47D
:10099000000F013BF9D041EA0C018FE70CEAD1537B
:1009A00092EA0C0F18BF93EA0C0F0AD030F0004CFB
:1009B00018BF31F0004CD8D180EA010000F00040AF
:1009C000704790F0000F17BF90F0004F084691F06D
:1009D000000F91F0004F14D092EA0C0F01D14202A7
:1009E0000FD193EA0C0F03D14B0218BF084608D170
:1009F00080EA010000F0004040F0FE4040F40000BA
:100A0000704740F0FE4040F4400070474FF0FF0C4C
:100A10001CEAD0521EBF1CEAD15392EA0C0F93EA93
:100A20000C0F69D0A2EB030280EA010C49024FEAE5
:100A3000402037D04FF0805343EA111143EA10139E
:100A40000CF000408B4238BF5B0042F17D024FF456
:100A5000000C8B4224BF5B1A40EA0C00B3EB510F31
:100A600024BFA3EB510340EA5C00B3EB910F24BF1A
:100A7000A3EB910340EA9C00B3EBD10F24BFA3EB9F
:100A8000D10340EADC001B0118BF5FEA1C1CE0D167
:100A9000FD2A3FF650AF8B4240EBC25008BF20F01A
:100AA000010070470CF0004C4CEA50207F32C2BF6E
:100AB000D2F1FF0340EAC250704740F400004FF00B
:100AC0000003013A37E792F0000F00F0004C02BF3C
:100AD000400010F4000F013AF9D040EA0C0093F006
:100AE000000F01F0004C02BF490011F4000F013B60
:100AF000F9D041EA0C0195E70CEAD15392EA0C0FC8
:100B000008D142027FF47DAF93EA0C0F7FF470AFFF
:100B1000084676E793EA0C0F04D14B023FF44CAF42
:100B200008466EE730F0004C18BF31F0004CCAD1D7
:100B300030F000427FF45CAF31F000437FF43CAF13
:100B40005FE700BF4FF0FF3C06E000BF4FF0010C35
:100B500002E000BF4FF0010C4DF804CD4FEA400217
:100B60004FEA41037FEA226C18BF7FEA236C11D061
:100B700001B052EA530C18BF90EA010F58BFB2EB14
:100B8000030088BFC81738BF6FEAE17018BF40F094
:100B9000010070477FEA226C02D15FEA402C05D148
:100BA0007FEA236CE4D15FEA412CE1D05DF8040BCD
:100BB000704700BF844608466146FFE70FB5FFF760
:100BC000C9FF002848BF10F1000F0FBD4DF808ED18
:100BD000FFF7F4FF0CBF012000205DF808FB00BF09
:100BE0004DF808EDFFF7EAFF34BF012000205DF863
:100BF00008FB00BF4DF808EDFFF7E0FF94BF0120B0
:100C000000205DF808FB00BF4DF808EDFFF7D2FFAC
:100C100094BF012000205DF808FB00BF4DF808EDEF
:100C2000FFF7C8FF34BF012000205DF808FB00BFBC
:100C300042000ED2B2F1FE4F0BD34FF09E03B3EB46
:100C4000126209D44FEA002343F0004323FA02F072
:100C500070474FF00000704712F1610F01D142025E
:100C600002D14FF0FF3070474FF00000704700BFD7
:100C700053B94AB9002908BF00281CBF4FF0FF3103
:100C80004FF0FF3000F094B9ADF1080C6DE904CEDF
:100C900000F026F8DDF804E0DDE9022304B0704737
:100CA000D0B5FFF711FC0C4B002206460F4600F0B2
:100CB00007FB00F07FF90446FFF7E4FB074B002237
:100CC00000F0FEFA02460B4630463946FFF79CFA22
:100CD00000F070F92146D0BD0000F03D0000F04169
:100CE0002DE9F047089E0D4604468846002B4DD15D
:100CF0008A42944668D9B2FA82F252B101FA02F3FA
:100D0000C2F1200120FA01F10CFA02FC41EA0308C9
:100D100094404FEA1C45210CB8FBF5FE1FFA8CF7F6
:100D200005FB1E8341EA03430EFB07F199420BD9F1
:100D30001CEB03030EF1FF3080F01E81994240F25C
:100D40001B81AEF1020E63445B1AA4B2B3FBF5F053
:100D500005FB103344EA034400FB07F7A7420AD916
:100D60001CEB040400F1FF3380F00881A74240F23D
:100D7000058164440238E41B40EA0E4000211EB1A4
:100D8000D4400023C6E90043BDE8F0878B4208D970
:100D9000002E00F0EE800021C6E900050846BDE8FF
:100DA000F087B3FA83F100294AD1AB4202D38242E1
:100DB00000F2F980841A65EB030301209846002EA7
:100DC000E2D0C6E90048DFE702B9FFDEB2FA82F2FC
:100DD000002A40F09180A1EB0C054FEA1C471FFA56
:100DE0008CFE0121B5FBF7F307FB1350250C45EAF8
:100DF00000450EFB03F0A84208D91CEB050503F1E2
:100E0000FF3802D2A84200F2CB8043462D1AA4B28A
:100E1000B5FBF7F007FB105544EA05440EFB00FE56
:100E2000A64508D91CEB040400F1FF3502D2A64503
:100E300000F2BB802846A4EB0E0440EA03409EE784
:100E4000C1F120078B4022FA07FC4CEA030C20FA80
:100E500007F405FA01F31C43FD404FEA1C4900FA70
:100E600001F3B5FBF9F8200C1FFA8CFE09FB1855AD
:100E700040EA054508FB0EF0A84202FA01F20BD940
:100E80001CEB050508F1FF3A80F08880A84240F28B
:100E90008580A8F1020865442D1AA4B2B5FBF9F0CB
:100EA00009FB105544EA054500FB0EFEAE4508D986
:100EB0001CEB050500F1FF346CD2AE456AD902384F
:100EC000654440EA0840A0FB0294A5EB0E05A5424C
:100ED000C846A64656D353D05EB1B3EB080265EBC5
:100EE0000E0505FA07F722FA01F3CD401F43C6E9C4
:100EF00000750021BDE8F087C2F1200320FA03F15C
:100F00000CFA02FC25FA03F395400D434FEA1C4707
:100F10001FFA8CFEB3FBF7F107FB11302B0C43EAF1
:100F2000004301FB0EF0984204FA02F408D91CEBCE
:100F3000030301F1FF382FD298422DD902396344BF
:100F40001B1AADB2B3FBF7F007FB103345EA0345BC
:100F500000FB0EF3AB4208D91CEB050500F1FF388E
:100F600016D2AB4214D902386544ED1A40EA014169
:100F700038E73146304607E78646E5E61846FAE6A2
:100F80004B45A9D2B9EB020864EB0C0E0138A3E77C
:100F90004046EAE7204694E74146D1E7D0467BE762
:100FA000023B654432E7084609E76444023842E7F9
:100FB000704700BF4A0011D212F5001211D20DD5B0
:100FC0006FF47873B3EB62520ED44FEAC12343F04F
:100FD000004343EA505323FA02F070474FF00000F9
:100FE000704750EA013002D14FF0FF3070474FF0A8
:100FF00000007047844641EA000313F003036DD1FB
:10100000403A41D351F8043B40F8043B51F8043BCB
:1010100040F8043B51F8043B40F8043B51F8043BD2
:1010200040F8043B51F8043B40F8043B51F8043BC2
:1010300040F8043B51F8043B40F8043B51F8043BB2
:1010400040F8043B51F8043B40F8043B51F8043BA2
:1010500040F8043B51F8043B40F8043B51F8043B92
:1010600040F8043B51F8043B40F8043B51F8043B82
:1010700040F8043B51F8043B40F8043B51F8043B72
:1010800040F8043B403ABDD2303211D351F8043B12
:1010900040F8043B51F8043B40F8043B51F8043B52
:1010A00040F8043B51F8043B40F8043B103AEDD2C1
:1010B0000C3205D351F8043B40F8043B043AF9D212
:1010C000043208D0D2071CBF11F8013B00F8013BE5
:1010D00001D30B8803806046704700BF082A13D3F2
:1010E0008B078DD010F003038AD0C3F10403D21A0A
:1010F000DB071CBF11F8013B00F8013B80D331F83E
:10110000023B20F8023B7BE7043AD9D3013A11F8BD
:10111000013B00F8013BF9D20B7803704B78437028
:101120008B7883706046704700000000000000006C
:1011300000000000000000000000000000000000AF
:1011400090F800F06DE9024520F007016FF0000C07
:1011500010F0070491F820F040F049804FF00004AF
:101160006FF00700D1E9002391F840F000F108008A
:1011700082FA4CF2A4FA8CF283FA4CF3A2FA8CF3C2
:101180004BBBD1E9022382FA4CF200F10800A4FA29
:101190008CF283FA4CF3A2FA8CF3E3B9D1E904237D
:1011A00082FA4CF200F10800A4FA8CF283FA4CF3B4
:1011B000A2FA8CF37BB9D1E9062301F1200182FA6E
:1011C0004CF200F10800A4FA8CF283FA4CF3A2FA74
:1011D0008CF3002BC6D0002A04BF04301A4612BA82
:1011E000B2FA82F2FDE8024500EBD2007047D1E985
:1011F000002304F00305C4F100004FEAC50514F014
:10120000040F91F840F00CFA05F562EA05021CBFE4
:1012100063EA050362464FF00004A9E700000000FE
:1012200001F0FF01102A2BDB10F0070F08D010F897
:10123000013B013A8B422DD010F0070F42B3F6D19B
:10124000F0B441EA012141EA014122F007047FF0B4
:1012500000070023F0E80256083C85EA010586EA0B
:10126000010685FA47F5A3FA87F586FA47F6A5FA47
:1012700087F68EB9EED1F0BC01F0FF0102F0070253
:1012800032B110F8013B013A83EA010313B1F8D1FE
:101290000020704701387047002D06BF35460338DF
:1012A000073815F0010F07D1013015F4807F02BF18
:1012B000013015F4C03F0130F0BC0138704700BF69
:1012C00070B54FF0FF0C4CF4E06C1CEA11541DBFDC
:1012D0001CEA135594EA0C0F95EA0C0F00F0DEF8A7
:1012E0002C4481EA030621EA4C5123EA4C5350EA8C
:1012F000013518BF52EA033541F4801143F48013DD
:1013000038D0A0FB02CE4FF00005E1FB02E506F06D
:101310000042E0FB03E54FF00006E1FB03569CF0C2
:10132000000F18BF4EF0010EA4F1FF04B6F5007FC8
:1013300064F5407404D25FEA4E0E6D4146EB06063A
:1013400042EAC62141EA55514FEAC52040EA5E50C3
:101350004FEACE2EB4F1FD0C88BFBCF5E06F1ED86D
:10136000BEF1004F08BF5FEA500E50F1000041EBA4
:10137000045170BD06F0004646EA010140EA020051
:1013800081EA0301B4EB5C04C2BFD4EB0C0541EA73
:10139000045170BD41F480114FF0000E013C00F388
:1013A000AB8014F1360FDEBF002001F0004170BDAC
:1013B000C4F10004203C35DA0C341BDC04F11404C5
:1013C000C4F1200500FA05F320FA04F001FA05F251
:1013D00040EA020001F0004221F0004110EBD3701E
:1013E00021FA04F642EB06015EEA430E08BF20EA4A
:1013F000D37070BDC4F10C04C4F1200500FA04F3ED
:1014000020FA05F001FA04F240EA020001F000417E
:1014100010EBD37041F100015EEA430E08BF20EAF1
:10142000D37070BDC4F1200500FA05F24EEA020E39
:1014300020FA04F301FA05F243EA020321FA04F068
:1014400001F0004121FA04F220EA020000EBD3701F
:101450005EEA430E08BF20EAD37070BD94F0000F1F
:101460000FD101F00046400041EB010111F4801F53
:1014700008BF013CF7D041EA060195F0000F18BF04
:10148000704703F00046520043EB030313F4801F40
:1014900008BF013DF7D043EA0603704794EA0C0FFA
:1014A0000CEA135518BF95EA0C0F0CD050EA410610
:1014B00018BF52EA4306D1D181EA030101F000418D
:1014C0004FF0000070BD50EA410606BF10461946B5
:1014D00052EA430619D094EA0C0F02D150EA0136C1
:1014E00013D195EA0C0F05D152EA03361CBF104602
:1014F00019460AD181EA030101F0004141F0FE41A1
:1015000041F470014FF0000070BD41F0FE4141F424
:10151000780170BD70B54FF0FF0C4CF4E06C1CEA24
:1015200011541DBF1CEA135594EA0C0F95EA0C0FD9
:1015300000F0A7F8A4EB050481EA030E52EA033594
:101540004FEA013100F088804FEA03334FF08055B5
:1015500045EA131343EA12634FEA022245EA1115E2
:1015600045EA10654FEA00260EF000419D4208BF93
:10157000964244F1FD0404F5407402D25B084FEA40
:101580003202B61A65EB03055B084FEA32024FF4EC
:1015900080104FF4002CB6EB020E75EB030E22BF49
:1015A000B61A754640EA0C005B084FEA3202B6EB09
:1015B000020E75EB030E22BFB61A754640EA5C00B8
:1015C0005B084FEA3202B6EB020E75EB030E22BF48
:1015D000B61A754640EA9C005B084FEA3202B6EB49
:1015E000020E75EB030E22BFB61A754640EADC0008
:1015F00055EA060E18D04FEA051545EA16754FEA6A
:1016000006164FEAC30343EA52734FEAC2025FEA87
:101610001C1CC0D111F4801F0BD141EA00014FF016
:1016200000004FF0004CB6E711F4801F04BF0143E7
:101630000020B4F1FD0C88BFBCF5E06F3FF6AFAE03
:10164000B5EB030C04BFB6EB020C5FEA500C50F193
:10165000000041EB045170BD0EF0004E4EEA113116
:1016600014EB5C04C2BFD4EB0C0541EA045170BD1D
:1016700041F480114FF0000E013C90E645EA060E61
:101680008DE60CEA135594EA0C0F08BF95EA0C0F8F
:101690003FF43BAF94EA0C0F0AD150EA01347FF4D7
:1016A00034AF95EA0C0F7FF425AF104619462CE7AE
:1016B00095EA0C0F06D152EA03353FF4FDAE104611
:1016C000194622E750EA410618BF52EA43067FF462
:1016D000C5AE50EA41047FF40DAF52EA43057FF4F2
:1016E000EBAE12E74FEA410C7FEA6C5C02D150EAA4
:1016F000013C0AD14FEA430C7FEA6C5C02D152EA0A
:10170000033C02D14FF0000070474FF001007047DA
:101710004FEA410212F5001215D211D56FF4787319
:10172000B3EB625212D94FEAC12343F0004343EABC
:10173000505311F0004F23FA02F018BF4042704797
:101740004FF00000704750EA013005D111F0004021
:1017500008BF6FF0004070474FF00000704700BFB7
:1017600010B582B08DF807000E4C00224FF40061D6
:10177000204605F008FA00224FF48051204605F07B
:1017800002FA4FF0FF3301220DF10701064805F080
:101790002AFE01224FF48051204605F0F4F902B0F0
:1017A00010BD00BF00000240F059002010B582B00B
:1017B0008DF807000E4C01224FF40061204605F021
:1017C000E2F900224FF48051204605F0DCF94FF099
:1017D000FF3301220DF10701064805F004FE012246
:1017E0004FF48051204605F0CEF902B010BD00BF85
:1017F00000000240F059002070B505460E460D4C21
:1018000001224FF40061204605F0BDF900224FF49B
:101810008051204605F0B7F94FF0FF33B2B22946A8
:10182000054805F0E0FD01224FF48051204605F007
:10183000AAF970BD00000240F059002008B5024B23
:10184000187AFFF78DFF08BD3058002010B582B020
:10185000030A8DF804308DF805000E4C00224FF479
:101860008051204605F08FF901224FF40061204697
:1018700005F089F94FF0FF33022201A9064805F06F
:10188000B2FD01224FF48051204605F07CF902B0F0
:1018900010BD00BF00000240F059002070B50546A1
:1018A0000C460A4EB07AFFF75BFF280AFFF77EFF6F
:1018B000E8B2FFF77BFF307BFFF752FF200AFFF70C
:1018C00075FFE0B2FFF772FF70BD00BF3058002017
:1018D00010B50C46C0B2FFF743FF2046FFF7B6FF36
:1018E00010BD000008B5FFF7D9FFFFF7A7FF024BB7
:1018F0001888FFF7ABFF08BD0C0A002010B514468E
:10190000FFF7CCFF2146024B1889FFF7E1FF10BD1E
:10191000305800202DE9F04107460E468518ADB23B
:10192000013DADB2CC18A4B2013CA4B2DFF84480B2
:1019300098F80A00FFF714FF380AFFF737FFF8B2EC
:10194000FFF734FF280AFFF731FFE8B2FFF72EFF59
:1019500098F80C00FFF704FF300AFFF727FFF0B2FA
:10196000FFF724FF200AFFF721FFE0B2FFF71EFF79
:10197000BDE8F0813058002010B56D4C01224FF4C5
:101980008071204605F0FFF800224FF48071204658
:1019900005F0F9F80A2004F0DFF801224FF4807115
:1019A000204605F0F0F8782004F0D6F81120FFF773
:1019B000D7FE782004F0D0F8F020FFF7D1FEC32046
:1019C000FFF7F4FEF020FFF7CBFE9620FFF7EEFEC8
:1019D0003620FFF7C5FE4820FFF7E8FE3A20FFF764
:1019E000BFFE5520FFF7E2FEB420FFF7B9FE01204D
:1019F000FFF7DCFEB720FFF7B3FEC620FFF7D6FEE9
:101A0000E820FFF7ADFE4020FFF7D0FE8A20FFF769
:101A1000CDFE0020FFF7CAFE0020FFF7C7FE2920F9
:101A2000FFF7C4FE1920FFF7C1FEA520FFF7BEFE99
:101A30003320FFF7BBFEC120FFF792FE0620FFF721
:101A4000B5FEC220FFF78CFEA720FFF7AFFEC52032
:101A5000FFF786FE1820FFF7A9FEE020FFF780FEC3
:101A6000F020FFF7A3FE0920FFF7A0FE0B20FFF7F1
:101A70009DFE0620FFF79AFE0420FFF797FE152033
:101A8000FFF794FE2F20FFF791FE5420FFF78EFE04
:101A90004220FFF78BFE3C20FFF788FE1720FFF760
:101AA00085FE1420FFF782FE1820FFF77FFE1B2023
:101AB000FFF77CFEE120FFF753FEF020FFF776FEF4
:101AC0000920FFF773FE0B20FFF770FE0620FFF7DB
:101AD0006DFE0420FFF76AFE0320FFF767FE2D204E
:101AE000FFF764FE4320FFF761FE4220FFF75EFE32
:101AF0003B20FFF75BFE1620FFF758FE1420FFF790
:101B000055FE1720FFF752FE1B20FFF74FFEF02077
:101B1000FFF726FE3C20FFF749FEF020FFF720FEEE
:101B20006920FFF743FE2820FFF71AFE10BD00BF13
:101B30000000024008B52920FFF712FE08BD000092
:101B400010B501282DD9831EDBB2012B47D9334CA8
:101B5000A07AFFF705FE0020FFF728FE0020FFF720
:101B600025FE20880138C0F30720FFF71FFE2078EC
:101B70000138C0B2FFF71AFE207BFFF7F1FD00200D
:101B8000FFF714FE0020FFF711FE60880138C0F354
:101B90000720FFF70BFEA0780138C0B2FFF706FE62
:101BA00010BD1E4B00229A714FF4A0721A804FF4A0
:101BB000F0725A802C221A812A225A812B229A8171
:101BC00030B93620FFF7CCFD4820FFF7EFFDBEE728
:101BD0003620FFF7C5FD8820FFF7E8FDB7E70F4B7C
:101BE00001229A714FF4F0721A804FF4A0725A8059
:101BF0002C221A812A225A812B229A81022806D06D
:101C00003620FFF7ADFD2820FFF7D0FD9FE73620F7
:101C1000FFF7A6FDE820FFF7C9FD98E73058002040
:101C200008B501224FF40071014804F0ACFF08BD73
:101C3000000802402DE9F04F83B08046A2EB000A75
:101C40008946A3EB010BBAF1000F0DDD01220092D2
:101C5000BBF1000F14DD01230193DA451CDD56466C
:101C600000252F462C461BE0BAF1000F05D0A0EB53
:101C7000020A4FF0FF320092EAE7CDF800A0E7E752
:101C8000BBF1000F05D0A1EB030B4FF0FF33019325
:101C9000E3E7CDF804B0E0E75E46E1E70134A4B243
:101CA000731C9C4212DC1FFA89F11FFA88F0FFF7BF
:101CB00019FE57445D44BE4202DABF1B009B9844A4
:101CC000AE42EBDAAD1B019B9944E7E703B0BDE8F8
:101CD000F08FF8B507460E4615461C460B46FFF733
:101CE000A9FF23463A4631463846FFF7A3FF23466D
:101CF0002A4621463846FFF79DFF23462A463146AD
:101D00002846FFF797FFF8BDF8B516461F46BDF801
:101D10001820331A7D1A013503FB055542F2107362
:101D20009D4239D94FF0000C44E04FEA440C354B4A
:101D30004FEA122E03F814E00CF1010C03F80C200A
:101D40000134AC42F1D3321A92B27B1A9BB2013306
:101D500001329BB292B2FFF7DDFD2B4B187AFFF7F1
:101D6000FFFC2A4C01224FF40061204604F00BFFD7
:101D700000224FF48051204604F005FF42F2107318
:101D80009D421CD9224EA6FB0536760B42F21073FB
:101D900003FB1655002424E00024D2E74FEA4C0E42
:101DA000184B140A03F81C400EF1010E03F80E2024
:101DB0000CF1010C42F20F7EF445EFD9C3E76A0043
:101DC00092B24FF0FF330F49124805F00CFB12E0BE
:101DD0004FF0FF3344F620620A490E4805F003FB3A
:101DE0000134B442F4D36D00AAB24FF0FF33054979
:101DF000084805F0F8FA01224FF48051034804F036
:101E0000C2FEF8BD100A0020305800200000024039
:101E10005917B7D1F059002010B582B004460021FF
:101E20000846FFF73BFDFFF709FD054A009453887C
:101E3000128800210846FFF767FF02B010BD00BFFF
:101E40003058002030B5E5B0A2F12E032C2B00F263
:101E5000A280DFE803F01925176B69676563615F8E
:101E60005D5B6DA0A0A0A0A0A059575553514F4D48
:101E70004B49474543413F3D3B39373533312F2DA2
:101E80002B292700002400E0252414230A22FFF731
:101E900041FD424B187AFFF763FC0025294662E0BA
:101EA0002424F2E72324F0E72224EEE72124ECE7C0
:101EB0002024EAE71F24E8E71E24E6E71D24E4E7E0
:101EC0001C24E2E71B24E0E71A24DEE71924DCE700
:101ED0001824DAE71724D8E71624D6E71524D4E720
:101EE0001424D2E71324D0E71224CEE71124CCE740
:101EF0001024CAE70F24C8E70E24C6E70D24C4E760
:101F00000C24C2E70B24C0E70A24BEE70924BCE77F
:101F10000824BAE70724B8E70624B6E70524B4E79F
:101F20000424B2E70324B0E70224AEE70124ACE7BF
:101F30002624AAE71A4AB2F800C04A1C4FEA1C2E0F
:101F40000DF801E00DF802C0023140080133DBB2A8
:101F5000092B06D810F0010FECD0124AB2F800C0DD
:101F6000EBE70135EDB2132D12D86A0001320E4BAA
:101F700004EB840003EBC000825C04EB840003EB01
:101F8000C00313F8150000EB022080B20023DFE746
:101F90006846FFF731FC65B030BD00BF3058002007
:101FA000000000200C0A0020C8F8000870B50446A4
:101FB0000E46154606E031462046FFF743FF0A3439
:101FC000A4B201352A78002AF5D170BD2DE9F04779
:101FD000804689461F46A2F12E03462B00F29F80C1
:101FE000DFE803F0918E24A0272B2E3134373A3DC1
:101FF000949D9D9D9D9D9D404346494C4F525558F3
:102000005B5E6164676A6D707376797C7F828588B8
:102010008B9D9D9D9D9D9D9D9D9D9D9D9D9D9D9D02
:102020009D9D9D9D979D9D9D9D9D9A004FF0000AB1
:1020300001E04FF0020A002698E04FF0030AFAE7A9
:102040004FF0040AF7E74FF0050AF4E74FF0060AED
:10205000F1E74FF0070AEEE74FF0080AEBE74FF021
:10206000090AE8E74FF00A0AE5E74FF00B0AE2E752
:102070004FF00C0ADFE74FF00D0ADCE74FF00E0AD5
:10208000D9E74FF00F0AD6E74FF0100AD3E74FF029
:10209000110AD0E74FF0120ACDE74FF0130ACAE752
:1020A0004FF0140AC7E74FF0150AC4E74FF0160ABD
:1020B000C1E74FF0170ABEE74FF0180ABBE74FF031
:1020C000190AB8E74FF01A0AB5E74FF01B0AB2E752
:1020D0004FF01C0AAFE74FF01D0AACE74FF01E0AA5
:1020E000A9E74FF01F0AA6E74FF0200AA3E74FF039
:1020F000210AA0E74FF0220A9DE74FF0230A9AE752
:102100004FF0240A97E74FF0250A94E74FF0260A8C
:1021100091E74FF0270A8EE74FF0280A8BE74FF040
:10212000FF0A88E74FF0010A85E709EB060108EB93
:1021300004001A4B1A8889B280B2FFF7DFFB6D08E2
:102140000134E4B2092C0FD815F0010FEDD1002FA6
:10215000F5D009EB060108EB0400114B1A8889B28F
:1021600080B2FFF7CBFBEAE70136F6B2132E12D8A6
:10217000720001320B4B0AEB8A0103EBC1018A5C4E
:102180000AEB8A0103EBC10313F8165005EB022595
:10219000ADB20024D6E7BDE8F08700BF0C0A0020EE
:1021A00000000020A0020108F8B504460F461546BD
:1021B0001E4607E0334639462046FFF707FF0A343C
:1021C000A4B201352A78002AF4D1F8BD2DE9F843EC
:1021D00007468846312A05D0322A06D14FF0010938
:1021E000002619E04FF00009FAE74FF0FF09F7E782
:1021F0006D080134E4B2072C0CD815F0010FF7D0AC
:1022000008EB060138190A4B1A8889B280B2FFF729
:1022100075FBEDE70136F6B20B2E07D809EB490343
:10222000044A02EB83039D5D0024E4E7BDE8F883E4
:102230000C0A0020E00101082DE9F8430746884612
:10224000A2F12E03282B38D8DFE803F031372E1502
:102250003A181C1F2225282B37373737373737379F
:1022600037373737373737373737373737373737FE
:102270003737373734004FF0000901E04FF00209DB
:1022800000263DE04FF00309FAE74FF00409F7E7B5
:102290004FF00509F4E74FF00609F1E74FF00709A1
:1022A000EEE74FF00809EBE74FF00909E8E74FF0D8
:1022B0000A09E5E74FF00B09E2E74FF0FF09DFE716
:1022C0004FF00109DCE708EB06013819124B1A88B8
:1022D00089B280B2FFF712FB6D080134E4B2062C1C
:1022E0000CD815F0010FEED008EB060138190B4B96
:1022F0001A8889B280B2FFF701FBEDE70136F6B22A
:102300000D2E07D8C9EBC903054A02EB43039D5DB7
:102310000024E4E7BDE8F883000000200C0A002058
:10232000F801010870B504460E46154606E0314630
:102330002046FFF781FF0834A4B201352A78002A2D
:10234000F5D170BD2DE9F84307468846A2F1200378
:10235000362B42D8DFE803F03E4141414141414143
:102360004141414141413841351C441F2326292C1C
:102370002F3241414141414141414141414141416E
:1023800041414141414141414141414141413B0084
:102390004FF0000901E04FF00209002640E04FF045
:1023A0000309FAE74FF00409F7E74FF00509F4E7EE
:1023B0004FF00609F1E74FF00709EEE74FF0080983
:1023C000EBE74FF00909E8E74FF00A09E5E74FF0BE
:1023D0000B09E2E74FF00C09DFE74FF0FF09DCE7FC
:1023E0004FF00109D9E708EB06013819154B1A8897
:1023F00089B280B2FFF782FA6D080134E4B20D2C85
:102400000CD815F0010FEED008EB060138190E4B71
:102410001A8889B280B2FFF771FAEDE70136F6B299
:102420001B2E0CD872000132084B03EB89139A5C07
:1024300013F8165005EB0225ADB20024DFE7BDE826
:10244000F88300BF000000200C0A0020E0FE000816
:1024500070B504460E46154606E031462046FFF7A5
:1024600071FF0E34A4B201352A78002AF5D170BD6F
:1024700000B585B0002300930193029303932E4887
:102480002E4A02604FF48032426083600122026172
:10249000027680F82030C36229498162C360052337
:1024A000C36180F83020426103F004FC002831D180
:1024B00003230093012301930723029369461E48D7
:1024C00003F022FD48BB04230093022301936946D5
:1024D000194803F019FD18BB05230093032301934A
:1024E0006946154803F010FDE8B90623009304235C
:1024F00001936946104803F007FDB8B9072300931C
:102500000523019369460C4803F0FEFC88B905B029
:102510005DF804FB01F008FBCAE701F005FBD2E718
:1025200001F002FBD8E701F0FFFADEE701F0FCFA68
:10253000E4E701F0F9FAEAE7405800200020014002
:102540000100000F30B589B0002303930493059375
:1025500006930793026803F1804303F590339A4290
:1025600001D009B030BD04460025019503F58C3338
:102570005A6C42F480725A645A6C02F4807201926E
:10258000019A02951A6B42F001021A631B6B03F069
:1025900001030293029BF82303930323049303A9EB
:1025A000104804F009FA1048104B0360456085603C
:1025B000C5604FF4806303614FF4805343614FF46F
:1025C000804383614FF48073C3610562456203F009
:1025D00085FE18B9044BA3639C63C2E701F0A4FA1B
:1025E000F8E700BF00000240885800201064024055
:1025F00008B50548054B036003F0BEFD00B908BDF2
:1026000001F092FAFBE700BFE858002000300240DA
:102610000268094B9A4200D0704782B000230193B0
:10262000064B1A6B42F480521A631B6B03F48053FF
:102630000193019B02B07047003002400038024015
:1026400000B583B000210191094B1A6B42F480025E
:102650001A631B6B03F480030193019B0A46382025
:1026600003F030FD382003F065FD03B05DF804FB96
:1026700000380240002318468C33B3F5003F08D8D9
:1026800000F1006202F500321168034A9142F2D073
:1026900070474FF40030FBE72FCB040008B501462C
:1026A0002222024803F077FD08BD00BFE858002051
:1026B0002DE9F047A4B082464FF00008C1464746D6
:1026C000444615E001A8FFF7E9FF864204D074B93B
:1026D0001B4805F033FC0AE0029BBB4207D9A14628
:1026E0001F464FF0010802E0164805F0C5FB2C46D6
:1026F00004F18C05B5F5003F11D88C2204F100617E
:1027000001F5003101A8FEF775FC039E0023039339
:1027100001990D4B9942D5D0002CE8D1E4E7B8F1EE
:10272000000F03D1404624B0BDE8F0878C2209F1A8
:10273000006101F500315046FEF75CFCF2E700BF96
:1027400008090108180901082FCB040010B5A4B02E
:10275000044601A8FFF7ACFF0146002848D01D9BA6
:1027600063661E9BA366002340E09A1C24A800EB2E
:10277000820252F8882C44F8232003F1080200EB6F
:10278000820252F88C0C1A1D04EB8202506003F195
:102790000C0224A800EB820252F8880C03F10A0212
:1027A00044F8220003F1120224A800EB820252F83E
:1027B0008C0C03F10E0204EB8202506003F116024E
:1027C00024A800EB820252F8880C03F1140244F8AA
:1027D000220003F11E0224A800EB820252F88C0CA6
:1027E00003F11A0204EB820250600133042BBCDDBA
:1027F000084624B010BD000010B586B0124805F0A0
:102800009DFB03F093FF0023019305230393012312
:102810000493022205920293694601A804F082F80B
:10282000044603F09BFF54B12146084805F024FB01
:102830000023074A1360074A136006B010BD06481C
:1028400005F07CFBF4E700BF2809010844090108F2
:10285000F0580020F45800205809010810B5A4B021
:1028600001A8FFF725FF90B1029C0E4B1C60FFF7FB
:1028700001FF03460C4A1060A0F18C0221460B4870
:1028800005F0FAFA0A4B01221A7024B010BD002399
:10289000044A1360044A1360064805F04FFBFFF733
:1028A000ABFFEFE7F0580020F45800206C09010856
:1028B000F8580020B809010884B030B5A5B028AC9C
:1028C00084E80F00514B1B7893B1514B1B688C333C
:1028D000B3F5003F0FD84F4B01934F4B1B680133AB
:1028E000029300230393419A1D92429A1E924BE059
:1028F000FFF7B4FFE9E7494805F020FBFFF77CFF4D
:10290000E9E728AA52F823109A1C24A800EB8202B7
:1029100042F8881C1A1D28A901EB8202516803F1B4
:10292000080200EB820242F88C1C03F10A0228A97B
:1029300051F8221003F10C0200EB820242F8881CCD
:1029400003F10E0228A901EB8202516803F1120281
:1029500000EB820242F88C1C03F1140228A951F802
:10296000221003F1160200EB820242F8881C03F1E8
:102970001A0228A901EB8202516803F11E0200EB42
:10298000820242F88C1C0133042BBADD01A8FFF748
:1029900085FE039003F0CAFE0146B8B91C4B1D68C2
:1029A00005F1006505F500350024222C1FD824AB65
:1029B00003EB840353F88C2C002305EB84010220E5
:1029C00003F006FF024630B90134EEE7144805F083
:1029D00053FA002006E02146124805F04DFA03F0B4
:1029E000BDFE002025B0BDE8304004B0704703F0C4
:1029F000B5FE094B196801311960054B1A688C3214
:102A00001A60094805F038FA0120EBE7F858002071
:102A1000F45800202FCB0400F0580020DC090108F6
:102A2000F8090108140A01083C0A01082DE9F041DF
:102A30008AB000240594069407940894099401949C
:102A4000384B1A6B42F004021A631A6B02F004024C
:102A50000192019A02941A6B42F080021A631A6B77
:102A600002F080020292029A03941A6B42F0010271
:102A70001A631A6B02F001020392039A04941A6B10
:102A800042F002021A631B6B03F002030493049BDF
:102A9000254E224642F21121304604F074F8234FAD
:102AA000224646F2F111384604F06DF8DFF88080D6
:102AB00022464FF4C851404604F065F842F2112313
:102AC0000593012506950794089405A9304603F05F
:102AD00073FF46F2F113059306950794089405A930
:102AE000384603F069FF4FF41243059306940795A7
:102AF00005A9384603F060FF4FF4E0730593069490
:102B0000079505A9304603F057FF4FF4C8530593C6
:102B100006950794089405A9404603F04DFF0AB0B6
:102B2000BDE8F08100380240000802400004024085
:102B30000000024030B59DB03349344B1868FDF7B2
:102B4000B1FE4FF07C51FDF7A5FD314B1D68FEF73E
:102B50006FF8304C44F825002F49304B1868FDF7CA
:102B6000A1FE4FF07C51FDF795FDFEF761F82B1D9E
:102B700004EB830358602849294B1868FDF792FE3F
:102B80004FF07C51FDF786FDFEF752F805F10A0380
:102B900044F823002049234B1868FDF783FE4FF0CB
:102BA0007C51FDF777FDFEF743F805F10E0304EBCA
:102BB0008303586018491C4B1868FDF773FE4FF0EB
:102BC0007C51FDF767FDFEF733F805F1140344F877
:102BD00023006566154B1B68A3661A3504EB850553
:102BE00043F239036B60702204F110016846FEF76E
:102BF00001FA94E80F00FFF75FFE0D4A13680133F6
:102C000013601DB030BD00BF0000C84208000020A6
:102C1000B459002034590020000020411C0000203D
:102C20000C00002018000020100000203059002067
:102C3000FC58002000B583B001904FF0FF33012213
:102C400001A9034805F02FF8019803B05DF804FBD3
:102C5000245B0020044B1968044A1268506A1B6800
:102C60008B42F7D1704700BFE85900204C5A002032
:102C700008B5024804F0C0FC08BD00BF945A00200B
:102C800038B504460368B3F1804F08D022689E4BE4
:102C90009A4209D022689D4B9A4217D038BD9C4A6F
:102CA000136801331360F1E710219A4803F071FFB4
:102CB000994A13780133DBB21370232BEAD91346F8
:102CC00000221A70954804F0D3FCE3E74FF400416A
:102CD000934803F051FF002800F0D8804FF0FF31F7
:102CE000904A13780B4413704FF480518C4803F0D2
:102CF00043FF002800F0CC804FF0FF318A4A137860
:102D00000B4413704FF40071854803F035FF002821
:102D100000F0C0804FF0FF31844A13780B441370E9
:102D20004FF480717B4803F027FF002800F0B48047
:102D30004FF0FF317E4A13780B44137080217548A1
:102D400003F01AFF002800F0A9800121794A1378C6
:102D50000B44137040216F4803F00EFF002800F071
:102D6000A0800121744A13780B445BB213706D4A42
:102D700092F900C0BCF1000FC0F29680BCF1140FB4
:102D8000A8BF4FF0140C674A82F800C0664A92F957
:102D90000040002CC0F28B80142CA8BF1424624A7F
:102DA0001470624A92F900000028C0F28280142850
:102DB000A8BF14205D4A10705D4A92F900100029E6
:102DC00079DB1429A8BF1421594A1170594A92F984
:102DD0000020002A71DB142AA8BF1422554D2A7046
:102DE000002B6CDB142BA8BF1423534A1370534BD6
:102DF0001B78022B65D0524A1368013B136042F2E4
:102E0000107293426DDC23EAE3734D4A13604D4A1E
:102E1000127852B94C4D2A68013A2A604B4DAA42A9
:102E200062DC22EAE272484D2A60BCF10A0F09DD39
:102E3000474A126832B9414A00251570444A42F2A5
:102E4000107515600A2C09DD414A126832B93B4AF7
:102E5000012414703E4A42F2107414600A2808DDFE
:102E6000394A12682AB9374A01201070364A374861
:102E700010600A2901DD002B38D02E4B93F9003069
:102E80000A2B6BDD334B01221A7007E7012127E77C
:102E9000012133E701213FE701214BE74FF0FF31EB
:102EA00054E74FF0FF315DE74FF0000C6BE7002473
:102EB00075E700207EE7002186E700228EE70023E9
:102EC00093E7234A1368013B136042F21072934266
:102ED00002DC23EAE37301E042F210731C4A136040
:102EE00089E742F2107390E7184A9CE7FFF7C0FEAB
:102EF000194B01221A700E4B00221A70104B42F22D
:102F000010721A60B9E700BF0004004000080040DA
:102F1000E859002000080240F9580020945A002087
:102F200000040240015900200259002005590020E8
:102F300004590020005900200359002030000020CF
:102F400004000020D959002020000020A0860100A4
:102F50002C000020D8590020245900200C4B93F954
:102F6000003053B10B4B93F900300A2B09DDFFF70A
:102F70007FFE094A1368013B1360054B00221A705B
:102F80008CE6FFF775FE044A136801331360F4E71B
:102F9000D8590020035900201400002010B5FFF775
:102FA00059FE144A13685268134C1B1942F100026F
:102FB000834272EB010301D3002010BD0D4B18605A
:102FC00059600E4B1A8840F2DB539A4206D90B4BDC
:102FD0001B88B3F5E16F07D80120EEE70122114607
:102FE000074803F0D0FDF2E700220121044803F076
:102FF000CAFDF1E7E059002040420F00BC59002013
:10300000000802402DE9F84304462B4D55F82000F6
:10301000FDF7F0FB2949FDF7F9FC294E3060231D2F
:1030200005EB83035868FDF7E5FB2649FDF7EEFC49
:10303000DFF89480C8F8000004F10A0355F8230073
:10304000FDF7D8FB1F49FDF7E1FC204F386004F184
:103050000E0305EB83035868FDF7CCFB1949FDF718
:10306000D5FCDFF86C90C9F80000143455F8240042
:10307000FDF7C0FB1349FDF7C9FC164C2060002189
:10308000154B187802F0E2FA0021306802F026F9B8
:103090000021D8F8000002F069F90021386802F038
:1030A000A3F90021D9F8000002F0EEF90021206810
:1030B00002F026FABDE8F883345900200000C84227
:1030C00008000020000020411C0000200C0000200F
:1030D0001800002010000020B4590020F8B54FF06F
:1030E0007C512C4B1868FDF7DDFB2B49FDF7DAFB13
:1030F000FDF79EFD294B1880294B1868FDF77AFBD8
:103100002849FDF7CFFB4FF06651FDF7CBFBFDF7EC
:103110008FFD254B188000241BE0FDF76FFB234932
:10312000FDF7C0FB07463046FDF768FB2049FDF779
:10313000B9FB01463846FDF7ADFAFDF779FD1D4BA9
:1031400023F814001B4B33F814201B4B23F81420D6
:103150002C46032C1DDC651C114B53F82500FDF794
:1031600049FB1649FDF79EFB4FF06651FDF79AFBB0
:103170001349FDF797FB0849FDF794FBFDF758FD50
:1031800080B20C4B33F81460002EC6D123F8140023
:10319000D8E7F8BD0800002000007A44BA590020A2
:1031A0001059002000404E45BC590020CDCCCC3DEC
:1031B0006666663F08590020285900203333534083
:1031C000CDCCCC3F08B50268034B9A4200D008BD75
:1031D000FFF784FFFBE700BF002001400000000074
:1031E0002DE9F04182B0002630464FF6FF74354697
:1031F000334603E0104480B20133DBB2032B0AD81C
:103200008B4A32F81320AA4201D91E461546A24223
:10321000F0D21446EEE78708864B1B78042B07D8BC
:10322000DFE803F003093E87BE00824B01221A70DB
:1032300002B0BDE8F081804C01224FF4807120463D
:1032400003F0A1FC00221021204603F09CFC002288
:103250002021204603F097FC00224021204603F065
:1032600092FC00228021204603F08DFC3846FDF7B9
:1032700019F904460D46714B1888FDF713F968A338
:10328000D3E90023FEF71CF802460B4620462946E8
:10329000FDF7F0F90028CBD0664B02221A70C7E781
:1032A00001224FF48071644803F06DFC0023019308
:1032B000A8462C1B142C04DD02AB1E44012306F887
:1032C000043C5D4C9DF804201021204603F05BFC7B
:1032D0009DF805202021204603F055FC9DF806208E
:1032E0004021204603F04FFC9DF807208021204616
:1032F00003F049FC4046FDF7D5F804460D464F4B18
:103300001E883046FDF7CEF847A3D3E90023FDF72A
:10331000D7FF02460B4620462946FDF78DF910B12E
:10332000444B01221A70BE4282D2424B03221A70D1
:103330007EE700224FF480713F4803F024FC002315
:1033400001932B1B142B04DD02AB1E44012306F852
:10335000043C394E9DF804201021304603F013FC44
:103360009DF805202021304603F00DFC9DF8062035
:103370004021304603F007FC9DF8072080213046AD
:1033800003F001FC2D4B1B88AB4202D9294A0221D4
:103390001170A342BFF44CAF264B04221A7047E7CA
:1033A00000224FF48071244803F0EDFB00230193C9
:1033B000012401E00133DBB2032B11D818461C4A6B
:1033C00032F813201D4909888A42F3D3521A142A6D
:1033D000F0DD02AA1044012200F8042C0024E9E7E1
:1033E000154D9DF804201021284603F0CCFB9DF8D4
:1033F00005202021284603F0C6FB9DF80620402129
:10340000284603F0C0FB9DF807208021284603F0E2
:10341000BAFB002C3FF40CAF064B03221A7007E7EF
:10342000333333333333D33F9A9999999999E93F99
:1034300028590020B859002000040240BA59002041
:1034400038B5FFF707FC1B4A136852681A4C1B1962
:1034500042F10002834272EB010300D338BDFFF753
:10346000BFFEFFF7F7FB134BC3E90001134C2088A5
:10347000FDF7C0F91249FDF7C9FA05466088FDF766
:10348000B9F90F49FDF7C2FA0146284601F06AFE74
:10349000A088FDF7AFF90A49FDF7B8FA0546E088BC
:1034A000FDF7A8F90649FDF7B1FA0146284601F0F3
:1034B000B7FED3E7D0590020A0860100285900208C
:1034C00000007A4408B5034804F038FDFF2002F0FC
:1034D0001BFA08BD680A0108164B1B78012B03D0A4
:1034E000144B00221A70704710B59CB0124804F0BB
:1034F00025FD124B1B7823B90E4B00221A701CB00D
:1035000010BD0F4804F01AFD0E4C0F4B1B6863668C
:103510000E4B1B68A366702204F110016846FDF78C
:1035200069FD94E80F00FFF7C7F9044B00221A70F9
:10353000E2E700BFD9590020780A0108EC590020C1
:10354000840A010834590020B45900203059002061
:1035500008B508280AD8DFE800F0050A0F14190991
:103560001E232800134B186801F000FF08BD124B02
:10357000186801F039FFF9E7104B186801F084FF73
:10358000F4E70F4B186801F0BBFFEFE70D4B18682D
:1035900001F0A4FEEAE70C4B187802F057F8E5E7D3
:1035A0000A4B187802F01CF8E0E7084B187802F094
:1035B00017F8DBE71C0000200C000020180000209A
:1035C0001000002008000020B4590020BE5900203F
:1035D00070B5FFF73FFB04460D46954A13685268E5
:1035E00053EA020108D0E31A65EB020291499942BD
:1035F0004FF00003934123D38F4B1A785AB18F4970
:103600000B684968E31A65EB01018D4898424FF059
:1036100000038B411DD38B4B19688B4B1B68CB1A56
:103620008A480078012835D04BB184480460456051
:1036300085480160002A7CD17F4B01221A7070BD41
:10364000002002F035F87A4B00200021C3E9000188
:10365000D2E7022A0FD0012AF1D1774B00221A704B
:10366000FFF730FF7A4B09221A707A4B754A1360C4
:10367000754A1360E3E7764E00213078FFF768FF64
:103680006D4B01221A70307802F03EF96B4B1C60D2
:103690005D60D4E7704804F051FC684B1C605D60CD
:1036A000654B1B781BB1012B05D0022B35D0674B26
:1036B00000221A70C3E7604B02221A70644B1B7819
:1036C000082B09D0072B0ED0052B13D00121604BFE
:1036D0001878FFF73DFFEAE7604804F02FFC604BE5
:1036E00000221A70F2E75F4804F028FC5C4B0122CC
:1036F0001A70EBE7012001F0DBFFFFF71BFA002156
:10370000594B187801F0A2FF4B4B01221A70FFF7BA
:10371000A1FA474BC3E90001D8E7474B01221A70D1
:103720004B4C00212078FFF713FF207802F0ECF8D3
:10373000BDE7012A10D0022A81D1454A1278082A11
:1037400051D8DFE812F034005600A500C500E400AF
:103750005000030124012B01002B12DD3C480378AB
:10376000013302F1663282FB031202F0FC0101EB2D
:10377000A202A3EB42030370354B187802F0C4F8A1
:103780005DE7334B1B7873B9314B09221A7030490E
:103790000A78364BA3FB0203DB0803EB8303A2EB9F
:1037A00043030B70E8E7013B294A1370EFE7002B56
:1037B0001DDD2F482F4D2968FCF76CFF044628605B
:1037C0002D49FDF72BFA00B12B4C2A4B1C602B49DD
:1037D0002046FDF705FA00B1254C264B1C6001215F
:1037E000204601F0C3FD264B01221A7027E7254829
:1037F000E0E7002B1ADD1E48234D2968FCF74AFF3D
:10380000044628602149FDF709FA00B11F4C1E4B00
:103810001C601A492046FDF7E3F900B1144C1A4B1D
:103820001C600121204601F0DFFDDCE71548E3E7DD
:10383000C859002040420F0006590020C0590020FE
:10384000C0C62D00140000202400002024590020B0
:103850002800002000943577980A0108A00A010882
:10386000BE590020B00A0108B4590020CDCCCCCC00
:10387000CDCCCC3D1C0000200000A040AE47E13D77
:10388000EC590020CDCCCCBD0C0000200000C8417C
:10389000002B1BDD4548464D2968FCF7FBFE04461E
:1038A00028604449FDF7BAF900B1424C404B1C6016
:1038B00041492046FDF794F908B14FF07E543C4B46
:1038C0001C600121204601F0DFFD8CE73B48E2E768
:1038D000002B1ADD35483A4D2968FCF7DBFE04461B
:1038E00028603849FDF79AF900B1364C344B1C601A
:1038F00035492046FDF774F900B12C4C304B1C6063
:103900000121204601F0FCFD6DE72C48E3E7002B88
:103910001ADD2E482E4D2968FCF7BCFE04462860AF
:103920002C49FDF77BF900B12A4C294B1C602A4930
:103930002046FDF755F900B10024254B1C600121FC
:10394000204601F0CBFC4EE72448E3E7002B11DDD5
:10395000234A136801331360042B00D90023204A43
:1039600013601F4C2068FFF74DFB0121207801F008
:103970006DFE38E7002BF4DA194B1B681BB1013BD5
:10398000174A1360EDE7164B04221A60E9E701209D
:10399000144B1870014601F023FE24E70020114B60
:1039A0001870012101F01CFE1DE700BFCDCCCC3DFD
:1039B0001800002066661E41AE47813FCDCCCCBDCD
:1039C000100000200000C841AE47E13D0AD7A33CEB
:1039D000080000200000C0400AD7233C0AD7A3BC3F
:1039E000B4590020BE590020F8B5434B1A78434B18
:1039F0001B789A4203D0414B02221A70F8BD40480E
:103A000004F09CFAFFF726F906460F46FFF722F965
:103A100005460C463B493C4B1868FCF743FFFDF755
:103A20003FF9831947EB01029D4274EB0203EDD38A
:103A3000FFF710F906460F4601224FF400513348B4
:103A400003F0A1F8FFF706F905460C463049314B63
:103A50001868FCF727FFFDF723F9831947EB0102EC
:103A60009D4274EB0203EDD300224FF4005127482E
:103A700003F089F8FFF7EEF806460F46FFF7EAF87D
:103A800005460C462249244B1868FCF70BFFFDF74E
:103A900007F9831947EB01029D4274EB0203EDD352
:103AA000FFF7D8F806460F4601224FF48041174829
:103AB00003F069F8FFF7CEF805460C461449174B9A
:103AC0001868FCF7EFFEFDF7EBF8831947EB0102EE
:103AD0009D4274EB0203EDD300224FF480410B486A
:103AE00003F051F80E4B18680130186001F01AFB12
:103AF0000C4B01221A707EE7BE59002030000020D6
:103B0000BC0A0108002474491C0000200004024083
:103B100000007A440C000020180000201000002053
:103B200030590020EC59002072B6FEE700B595B080
:103B30003022002108A804F04DF9002303930493D8
:103B400005930693079301931F4A116C41F080512E
:103B50001164126C02F080520192019A02931B4987
:103B60000A6822F4404242F400420A600A6802F401
:103B700040420292029A0222089201210B911021E6
:103B80000C910E920F9308231093542311931292C9
:103B90000423139308A803F005F880B90F230393B7
:103BA00002210491002305934FF48052069207935B
:103BB00003A803F045FA20B915B05DF804FBFFF740
:103BC000B3FFFFF7B1FF00BF0038024000700040B4
:103BD000F8B501F095FFFFF7A9FFFEF727FFFEF705
:103BE0002FFD00F055FAFEF743FC00F051F901F00B
:103BF000E3FEFEF7FDFC00F083FA00F0B9FA0522BF
:103C00008D498E4802F082F88D4803F0F5FC8D480E
:103C100003F0F2FCFEF722FE8B4C00224FF4807181
:103C2000204602F0B0FF00221021204602F0ABFF38
:103C300000222021204602F0A6FF0022402120463B
:103C400002F0A1FF00228021204602F09CFFFDF738
:103C5000E7FFFDF791FE0220FDF772FF4FF6FF70C0
:103C6000FEF7DAF801F044FDFDF764FF7748FEF750
:103C70006DFD002800F08480744B5C6E744B1C60FA
:103C8000002300E00133042B0ADC704A52F82320A1
:103C900012F0010FF6D001326C4941F82320F1E710
:103CA0006A4D55F82400FCF7A5FD6A49FCF7AEFE05
:103CB000694B1860231D05EB83035868FCF79AFDD8
:103CC0006649FCF7A3FE664B186004F10A0355F839
:103CD0002300FCF78FFD6149FCF798FE614B1860EB
:103CE00004F10E0305EB83035868FCF783FD5B4981
:103CF000FCF78CFE5C4B1860143455F82400FCF77C
:103D000079FD5649FCF782FE584B1860AA6E584B55
:103D10001A60584B00221A70574804F00FF9544BA0
:103D2000186801F0FFF90021494B187801F08EFC6A
:103D30000021504B187801F053FC0021464B1868C5
:103D400001F0CCFA0021464B186801F00FFB00216E
:103D5000444B186801F048FB0021434B186801F000
:103D600093FB0021414B186801F0CAFB41F21D1082
:103D700001F01CFCFF2001F0C7FD002637464AE099
:103D80003E4804F0DBF8344B3D4A1A60344B3D4A60
:103D90001A603D4B334A1360334A4FF08241116041
:103DA000324A136000232A4A1360314A13601FE02D
:103DB000264A7B2142F82310191D02EB81010820BD
:103DC000486003F10A015F2042F8210003F10E016F
:103DD00002EB810150244C6003F1140142F82100F0
:103DE00003F11A0102EB810243F239015160013300
:103DF000042BDDDD154B00225A669A66FEF79AFE0B
:103E00008DE7FFF7E5FBFFF7EFFDFFF719FBFFF786
:103E100063FB2E462746FFF7C1F8FEF71BFF05465A
:103E20000C461A4BF31847F10002834272EB010370
:103E3000E7D335463C46E4E71059002040580020BF
:103E40004C5A0020DC5A0020000402403459002063
:103E5000B45900200000C8420800002000002041A2
:103E60001C0000200C000020180000201000002082
:103E700030590020BE590020C80A0108E40A010890
:103E8000A4709D3FCDCC4C3F00001841A08601009E
:103E900008B50D480D4B03604FF482734360002357
:103EA0008360C360036143614FF400728261C36148
:103EB0000362436283620A23C36203F035FA00B9E6
:103EC00008BDFFF731FEFBE7F0590020003C004041
:103ED00000B589B0002303930493059306930793D9
:103EE0000268154B9A4202D009B05DF804FB00212C
:103EF000019103F5FE331A6C42F400421A641A6C05
:103F000002F400420192019A02911A6B42F00402FB
:103F10001A631B6B03F004030293029B4FF4E053FC
:103F2000039302230493032306930623079303A911
:103F3000024802F041FDD7E7003C00400008024083
:103F400082B0002100910B4B5A6C42F480425A64BB
:103F50005A6C02F480420092009A01911A6C42F06D
:103F600080521A641B6C03F080530193019B02B0D2
:103F7000704700BF00380240FEE7FEE7FEE7FEE7BD
:103F8000FEE770477047704708B501F0D3FD08BDE4
:103F900008B5024803F089FB08BD00BF4C5A002059
:103FA00008B5024803F081FB08BD00BF945A002009
:103FB00008B5024803F079FB08BD00BFDC5A0020B9
:103FC00008B5024802F026FA08BD00BF8858002054
:103FD0000120704708B503F0D3FE162303604FF0AD
:103FE000FF3008BD08B54FF0FF31FFF7F3FFFEE7E4
:103FF00070B50C461646002506E0AFF3008021465A
:1040000001F8010B01350C46B542F6DB304670BDB8
:1040100070B50C461646002504E014F8010BFEF7B7
:1040200009FE0135B542F8DB304670BD4FF0FF3078
:1040300070474FF400534B600020704701207047D9
:104040000020704710B503460C4A0D490D48006822
:1040500040B10C4800680344521A934206D8094AFA
:10406000136010BD0748084C0460F2E703F088FEB7
:104070000C2303604FF0FF30F3E700BF0000012086
:1040800000040000485A0020D85B00207047000060
:1040900000B587B000230293039304930593009324
:1040A000019316484FF080420260532242608360C1
:1040B0004FF0FF32C26003618023836103F000FC94
:1040C00090B94FF48053029302A90C4803F030FCDE
:1040D00068B90023009301936946084803F0A8FCDF
:1040E00040B907B05DF804FBFFF71EFDE9E7FFF7F5
:1040F0001BFDEEE7FFF718FDF3E700BF4C5A002069
:1041000000B587B0002302930393049305930093B3
:1041100001931548154A0260532242608360F922D8
:10412000C26003618023836103F0CAFB90B94FF43E
:104130008053029302A90C4803F0FAFB68B90023EC
:10414000009301936946084803F072FC40B907B038
:104150005DF804FBFFF7E8FCE9E7FFF7E5FCEEE7B5
:10416000FFF7E2FCF3E700BF945A00200004004090
:1041700000B587B000230293039304930593009343
:1041800001931548154A0260532242608360312230
:10419000C26003618023836103F092FB90B94FF406
:1041A0008053029302A90C4803F0C2FB68B90023B4
:1041B000009301936946084803F03AFC40B907B000
:1041C0005DF804FBFFF7B0FCE9E7FFF7ADFCEEE7B5
:1041D000FFF7AAFCF3E700BFDC5A0020000800400C
:1041E00000B585B00368B3F1804F08D0224A9342EE
:1041F0001AD0224A93422BD005B05DF804FB00216F
:10420000019103F50E331A6C42F001021A641B6C23
:1042100003F001030193019B0A461C2001F052FFA9
:104220001C2001F087FFE7E700210291144B1A6C74
:1042300042F002021A641B6C03F002030293029B19
:104240000A461D2001F03EFF1D2001F073FFD3E759
:10425000002103910A4B1A6C42F004021A641B6C91
:1042600003F004030393039B0A461E2001F02AFF78
:104270001E2001F05FFFBFE700040040000800407F
:10428000003802402DE9F04F97B080460D4600F10E
:104290000C031FFA83F901F1030A1FFA8AFA00F1ED
:1042A00051031FFA83FB01F130039BB24BF2AB4485
:1042B000009405935A4651464846FDF725FD08F1FE
:1042C000030398B205F10C06B6B205F127039FB2BD
:1042D00000943B464A4631460690FDF715FD08F12D
:1042E0005A039AB2009402973B46079231465846C9
:1042F000FDF70AFD08F106031FFA83FCAB1D99B216
:10430000009433464A460491CDF80CC06046FDF750
:10431000FBFC6F1DBFB208F107031FFA83FE009478
:104320003B46CDF824E0724639460398FDF7ECFC95
:1043300008F108031FFA83FC2B1D1FFA83FE08F106
:10434000090399B200943B460C910A46CDF82CE043
:104350007146CDF828C06046FDF7D6FC08F10A0387
:104360001FFA83FC00943B46CDF820904A46514604
:10437000CDF834C06046FDF7C7FC08F105031FFA0D
:1043800083F9EB1D1FFA83FC0094CDF83CC0634613
:104390004A4604994846FDF7B7FC08F104031FFAA2
:1043A00083FE05F108031FFA83FC05F1090399B2A6
:1043B000009412910B464A46CDF844C06146CDF8B0
:1043C00040E07046FDF7A0FC05F10A031FFA83FEEA
:1043D00000943346CDF838904A46CDF84CE071460B
:1043E0000698FDF791FC08F157091FFA89F9009426
:1043F00033464A4604995846FDF786FC08F15303B4
:104400001FFA83FE00943B46CDF850E072465146B9
:104410005846FDF779FC08F154031FFA83FA08F1B6
:1044200055031FFA83FC00943B46CDF854C0624606
:104430000B99CDF82CA05046FDF766FC08F1560A02
:104440001FFA8AFA00943B464A4639465046FDF721
:104450005BFC08F15807BFB200940F9B3A460499E1
:104460003846FDF751FC08F159081FFA88F8009406
:10447000129BCDF81080424611993846FDF744FC56
:1044800000943346079A13993846FDF73DFC05F131
:104490002D081FFA88F8009443464A460299584668
:1044A000FDF732FC05F12E06B6B20094059B149A76
:1044B00031465846FDF728FC05F12F031FFA83FB10
:1044C0000094CDF83CB05B46159A31460B98FDF749
:1044D0001BFC009433464A4631465046FDF714FC17
:1044E00005F12C091FFA89F9009443463A464946DA
:1044F0003846FDF709FC05F12A0A1FFA8AFA05F188
:104500002B0B1FFA8BFB00945B46049A51463846EE
:10451000FDF7FAFB2935ADB200942B46079A0299B4
:104520003846FDF7F1FB00944346089F3A4602994E
:104530000398FDF7E9FB00942B460E9D2A4602994D
:104540000698FDF7E1FB00945B462A465146109819
:10455000FDF7DAFB009443462A4649462846FDF714
:10456000D3FB00943346099A31460398FDF7CCFB00
:1045700000940F9B0C9A31460A98FDF7C5FB0094F6
:10458000059B3A4631460D98FDF7BEFB17B0BDE8D6
:10459000F08F2DE9F04F9DB006460D46144600F110
:1045A0000C031FFA83F900F150081FFA88F801F193
:1045B000020B1FFA8BFB00925B4642464846FDF712
:1045C000A3FB05F10C0399B2B31C1FFA83FA05F1A2
:1045D0002607BFB200943B46524603913046FDF792
:1045E00093FB05F131031FFA83FC05F133039BB202
:1045F00000940A934246CDF810C06146CDF824904D
:104600004846FDF781FB06F15B031FFA83F906F1CB
:104610005D039AB200943B460B92039F3946CDF856
:1046200014904846FDF770FB05F10A031FFA83FE5C
:10463000009403973B465246CDF838E07146304629
:10464000FDF762FB731C1FFA83FCEB1D1FFA83F856
:10465000F31C9FB205F109031FFA83FE0094CDF805
:1046600044E0734606973A464146CDF83CC0604662
:10467000FDF74AFB05F105091FFA89F9331D9FB2C1
:10468000AB1D1FFA83FC0094CDF84CC063463A463C
:104690004946CDF834A05046FDF736FB009443461A
:1046A0003A46CDF840804146B8463846FDF72CFBE7
:1046B0002F1DBFB200943B46424639460698FDF78F
:1046C00023FB05F1030A1FFA8AFA00945346424677
:1046D0005146CDF848804046FDF716FB731D1FFA82
:1046E00083FCE04600944B46624649466046FDF72F
:1046F0000BFBB31D9AB200943B4615925946CDF878
:1047000050804046FDF700FBF31D1FFA83FC009428
:104710003B4662463946CDF830C06046FDF7F4FAB4
:1047200005F101081FFA88F806F109031FFA83FE54
:1047300000945346CDF858E0724641460C98FDF778
:10474000E3FA06F10A031FFA83FC00945B46099A18
:104750002946CDF85CC06046FDF7D6FA06F1510354
:104760001FFA83FE06F1530399B200945B46189139
:104770000A462946CDF86CE07046FDF7C5FA06F109
:1047800054031FFA83FE06F156031FFA83FC0094BC
:104790005346CDF81CC062464146CDF864E07046F1
:1047A000FDF7B2FA00943B46DDF81CC0624639467C
:1047B0006046FDF7A9FA06F157031FFA83F8C446CD
:1047C00006F158031FFA83FEF04600943B467246FA
:1047D0005946CDF868C06046FDF796FA00944B46FE
:1047E00042464946CDF820804046FDF78DFA06F155
:1047F00059081FFA88F800943B4642465146404605
:10480000FDF782FA0094139BDDF814A05246494646
:104810004046FDF779FA06F15A0B1FFA8BFB00941C
:104820003B465A4639465846FDF76EFA0094DDF885
:1048300040904B46424649464046FDF765FA06F130
:104840005C07BFB20094119B3A4649465846FDF7B3
:104850005BFA0094039B0B9A0E99D1465046FDF7E4
:1048600053FA05F127031FFA83FA05F129039BB2D6
:10487000009403930B9ACDF838A05146CDF81490CC
:104880004846FDF741FA05F12A031FFA83F905F1BD
:104890002C0A1FFA8AFA009453463A46CDF82C9017
:1048A00049465846FDF730FA009453464246514671
:1048B0004046FDF729FA05F12D039FB205F12E09B7
:1048C0001FFA89F900944B46059A059739464046E8
:1048D000FDF71AFA00944B46089F3A464946384677
:1048E000FDF712FA05F12F07BFB200943B465A4676
:1048F00039464046FDF708FA05F1300B1FFA8BFBED
:1049000000945B46424659464046FDF7FDF9009447
:10491000049B089A39461A98FDF7F6F900943B462D
:10492000DDF81C80424639464046FDF7EDF9323548
:10493000ADB200942B46424659461998FDF7E4F96A
:1049400000940A9B189A04991B98FDF7DDF90094CE
:10495000039BDDF8348042460E993046FDF7D4F9CA
:1049600000945346069A0B990F98FDF7CDF90094E1
:104970005346129E324651463046FDF7C5F9009423
:104980004B46324605994046FDF7BEF900944B462A
:10499000DDF85080424649464046FDF7B5F900949F
:1049A0003B46DDF818C0624639466046FDF7ACF973
:1049B00000945B46324639463046FDF7A5F900942F
:1049C000DDF810904B46159A39464046FDF79CF9A4
:1049D00000943B460C9E324639463046FDF794F92A
:1049E00000942B46169A59463046FDF78DF90094EF
:1049F0000A9B099A49461798FDF786F91DB0BDE84C
:104A0000F08F2DE9F04F89B006460C4615464F1C35
:104A1000BFB201F1090B1FFA8BFB00925B46024605
:104A20003946FDF771F9731C9AB204F106081FFAB2
:104A300088F800954346214603921046FDF764F935
:104A400006F102091FFA89F906F109039BB21A4619
:104A500000952346049221464846FDF755F9B31DBB
:104A600099B200953B4605910A4639464846FDF7FE
:104A70004BF906F154031FFA83FC06F15C0A1FFA96
:104A80008AFA0095234652462146CDF818C0604662
:104A9000FDF73AF906F157031FFA83FE06F15D09A7
:104AA0001FFA89F900953B464A463946CDF81CE085
:104AB0007046FDF729F9A71CBFB200954346524640
:104AC00039465046FDF720F900955B464A4639467F
:104AD0004846FDF719F904F13307BFB206F15B0B45
:104AE0001FFA8BFB00953B465A4639460698FDF760
:104AF0000BF904F132081FFA88F8009543465A462C
:104B000041460798FDF700F904F12D0B1FFA8BFBC6
:104B100000953B46524659465046FDF7F5F804F1DC
:104B20002A0A1FFA8AFA009543464A4651464846E1
:104B3000FDF7EAF83134A4B20095234632465146D7
:104B40003046FDF7E1F800952346039C224659467E
:104B50002046FDF7D9F800954346059A4146304670
:104B6000FDF7D2F800953B46049A39462046FDF7FA
:104B7000CBF809B0BDE8F08F38B504460D4643F2D6
:104B80000822FFF706FD29462046FFF77BFB4BF680
:104B9000F75229462046FFF734FF38BD10B582B0E2
:104BA00047F27C1400949923B92298216420FDF7E0
:104BB000ABF800949A23632299216220FDF7A4F8B0
:104BC00000949A23BB229921BA20FDF79DF8009406
:104BD0009B2361229A216020FDF796F800949A2386
:104BE000642219461046FDF78FF800949A23B922E3
:104BF00019461046FDF788F800949C23BC229A21A0
:104C00001046FDF781F800949E235F229B211046F9
:104C1000FDF77AF800949B23622219461046FDF7AF
:104C200073F800949B23BB2219461046FDF76CF8DD
:104C300000949E23BD229B211046FDF765F8009449
:104C40009D2360229C211046FDF75EF80094A1236D
:104C5000BE229C211046FDF757F80094A1235E2246
:104C60009D211046FDF750F80094AF235D229E2150
:104C70001046FDF749F80094AE23BF229E2110464E
:104C8000FDF742F80094B023C022A0211046FDF7A2
:104C90003BF80094B0235C22A1211046FDF734F8C4
:104CA0000094AB235E22A3211046FDF72DF800945B
:104CB000B123C122AD211046FDF726F80094B1239F
:104CC0005B22AF211046FDF71FF80094B82340F295
:104CD0007712AF214FF4BA70FDF716F80094B8239D
:104CE0000D22B0210820FDF70FF80094B2235A22BC
:104CF000B0211046FDF708F80094B223C222B0217B
:104D00001046FDF701F80094B72340F27312B0216A
:104D10004FF4B970FCF7F8FF0094B7234FF4BC725E
:104D2000B0211046FCF7F0FF0094B7230722B12111
:104D30001046FCF7E9FF0094B7230E22B12110467C
:104D4000FCF7E2FF0094B3235922B1211046FCF78F
:104D5000DBFF0094B323C322B1211046FCF7D4FF3C
:104D60000094B62340F27112B1211046FCF7CCFF3B
:104D70000094B72340F27912B1211046FCF7C4FF2A
:104D80000094B3235822B2211046FCF7BDFF0094D3
:104D9000B423C522B221C420FCF7B6FF0094B5238A
:104DA0004FF4BD72B2211046FCF7AEFF0094B7235A
:104DB0000622B3211046FCF7A7FF0094B6230F226A
:104DC000B3211046FCF7A0FF0094B4235722B3216F
:104DD0005520FCF799FF0094B423C722B321C620C5
:104DE000FCF792FF0094B5235422B4211020FCF765
:104DF0008BFF0094B5234FF48C72B421C820FCF7CC
:104E000083FF0094B523562219465520FCF77CFFFA
:104E10000094B523C72219461046FCF775FF00948D
:104E2000B6234FF48D72B52140F21910FCF76CFFD8
:104E30000094B6234FF48C7219461046FCF764FFB9
:104E40000094B8234FF48E72B62140F21B10FCF789
:104E50005BFF0094B7234FF48D7219461046FCF7A0
:104E600053FF0094BB2340F21D12B7211046FCF7FC
:104E70004BFF0094B9230C2219460920FCF744FF8C
:104E80000094B9234FF48E7219461046FCF73CFF8C
:104E90000094C0234FF48F72B9211046FCF734FF01
:104EA0000094C2234FF4BB72B92140F27510FCF795
:104EB0002BFF0094C42340F21F12BA211046FCF7C6
:104EC00023FF0094C5234FF49072BF211046FCF7D6
:104ED0001BFF0094C5234FF4BA72C0211046FCF7A3
:104EE00013FF0094C62340F22112C3211046FCF7A1
:104EF0000BFF0094C62340F27312C3211046FCF747
:104F000003FF0094C42340F27512C3211046FCF73E
:104F1000FBFE0094C7234FF49172C5211046FCF7A5
:104F2000F3FE0094C7234FF4B972C5211046FCF775
:104F3000EBFE0094C82340F22312C6211046FCF772
:104F4000E3FE0094C82340F27112C6211046FCF71C
:104F5000DBFE0094C8234FF49372C7214FF4927084
:104F6000FCF7D2FE0094C8234FF4B872C72140F278
:104F70006F10FCF7C9FE0094C9234FF4B772C82123
:104F800040F22710FCF7C0FE0094C9234FF493723F
:104F9000194640F22510FCF7B7FE0094C92340F2F1
:104FA0006F1219461046FCF7AFFE02B010BD0000AC
:104FB00070B50024474B1C80474D4FF6FF732B8084
:104FC0002346464A05211420FDF7EEF82346444ABD
:104FD00005214FF4AA70FDF7E7F840F2DF132B80AC
:104FE000404A29210A20FCF7E1FF4AF63F732B8053
:104FF0003D4A2E214620FCF7D9FF3C4A2E21AA200B
:10500000FCF7D4FF3A4A2E214FF48C70FCF7CEFF08
:10501000384E23463246482140F28310FDF7C4F84B
:1050200031224F2140F28F10FDF7D0F8234632464F
:10503000842140F28310FDF7B7F832228B2140F231
:105040008F10FDF7C3F823462B4AC0214FF4C370DD
:10505000FDF7AAF84BF2AB432B80284AE42123202A
:10506000FCF7A4FF264AE4218220FCF79FFF254A93
:10507000E421DC20FCF79AFF234AE4214FF4A070DE
:10508000FCF794FF214AE42140F29F10FCF78EFFC9
:105090001F4A40F21B111720FCF788FF1D4A40F2FF
:1050A0001B118220FCF782FF1B4A40F21B11DB2000
:1050B000FCF77CFF194A40F21B114FF4A070FCF77B
:1050C00075FF174A40F21B114FF4CD70FCF76EFFCD
:1050D00070BD00BF0C0A0020000000202C0B01084E
:1050E000380B0108400B0108440B0108480B01086C
:1050F0004C0B0108500B0108540B0108580B010818
:105100005C0B0108600B0108680B01086C0B0108BF
:10511000700B0108780B01087C0B0108840B010857
:10512000880B010800B583B003460B4A00211180AB
:105130000A4A4FF6FF711180094A0821684602F0B9
:1051400005FF01236A4605214FF4C370FDF72CF8D3
:1051500003B05DF804FB00BF0C0A00200000002033
:10516000900B0108F0B585B007460C46284B00228D
:105170001A80284B4BF25F621A80274EFBF7A4F986
:10518000CDE90001324608210DEB010002F0DEFE00
:1051900002AA26214FF4D270FDF7C4F81F4D2A460B
:1051A00026214FF4E470FDF7BDF82046FBF78CF99B
:1051B000CDE90001324608210DEB010002F0C6FEE8
:1051C00002AA36214FF4D270FDF7ACF82A463621F8
:1051D0004FF4E470FDF7A6F821463846FBF75AFA7B
:1051E000FBF772F9CDE90001324608210DEB010011
:1051F00002F0ACFE02AA46214FF4D270FDF792F8FD
:105200002A4646214FF4E470FDF78CF805B0F0BD56
:105210000C0A002000000020980B0108540B010824
:10522000F0B585B007460C46284B00221A80284B63
:105230004EF671721A80274EFBF746F9CDE9000150
:10524000324608210DEB010002F080FE02AA622125
:105250004FF4D270FDF766F81F4D2A4662214FF4D5
:10526000E470FDF75FF82046FBF72EF9CDE9000169
:10527000324608210DEB010002F068FE02AA7221FD
:105280004FF4D270FDF74EF82A4672214FF4E470C5
:10529000FDF748F821463846FBF7FCF9FBF714F90F
:1052A000CDE90001324608210DEB010002F04EFE6F
:1052B00002AA82214FF4D270FDF734F82A468221E7
:1052C0004FF4E470FDF72EF805B0F0BD0C0A002095
:1052D00000000020980B0108540B010830B585B080
:1052E0000C46FBF7F1F8CDE900011C4A08210DEB53
:1052F000010002F02BFE1A4D4AF63F732B8002AAE2
:105300002E21D220FCF752FE45F69D732B80C4B1AE
:10531000C2234FF4E472A2214FF4C770FCF7D9FC0A
:10532000104B00221A8002AAA4214FF4C870FDF786
:105330008FF80D4AA4214FF4E670FDF789F805B007
:1053400030BD084B45F69D721A80C2234FF4E472BB
:10535000A2214FF4C770FCF7BCFCE1E7980B0108F1
:10536000000000200C0A0020540B010810B584B086
:105370000446194B00221A80184B4AF63F721A80D5
:10538000F9B19623382276210C20FCF7A2FC124BAF
:1053900000221A802046FBF797F8CDE90001104A59
:1053A00008210DEB010002F0D1FD02AA78210E20A8
:1053B000FDF74EF80B4A80213C20FCF7F7FD04B0C6
:1053C00010BD054B4AF63F721A809623382276218B
:1053D0000C20FCF77EFCDAE70C0A0020000000201D
:1053E000A00B0108A80B010810B584B00446204B9F
:1053F0004AF63F721A8021B396239C2276216220BE
:10540000FCF767FC1B4B00221A801B492046FBF768
:10541000FBFB08B32046FBF757F8CDE90001174A1C
:1054200008210DEB010002F091FD02AA7821642011
:10543000FDF70EF8124A8021A020FCF7B7FD04B05A
:1054400010BD0C4B4AF63F721A8096239C2276219F
:105450006220FCF73EFCD5E72046FBF735F8CDE9A6
:105460000001084A08210DEB010002F06FFDDCE7A6
:10547000000000200C0A002000002041A00B0108C1
:10548000AC0B0108980B010810B584B00446184B0A
:105490004AF63F721A80F9B19623F2227621C6208D
:1054A000FCF717FC134B00221A802046FBF70CF880
:1054B000CDE90001104A08210DEB010002F046FD84
:1054C00002AA7821C820FCF7C3FF0C4A8021F620ED
:1054D000FCF76CFD04B010BD064B4AF63F721A8013
:1054E0009623F2227621C620FCF7F3FBDAE700BF11
:1054F000000000200C0A0020A00B0108AC0B0108E2
:1055000010B584B00446234B4AF63F721A8041B36B
:1055100096234FF4AE7276214FF49070FCF7D9FBCE
:105520001D4B00221A801D492046FBF76DFB28B356
:105530002046FAF7C9FFCDE90001194A08210DEB11
:10554000010002F003FD02AA78214FF49170FCF7EC
:105550007FFF144A80214FF4AF70FCF727FD04B0A1
:1055600010BD0D4B4AF63F721A8096234FF4AE726F
:1055700076214FF49070FCF7ACFBD1E72046FAF7A8
:10558000A3FFCDE90001084A08210DEB010002F05C
:10559000DDFCD8E7000000200C0A002000002041BC
:1055A000A00B0108AC0B0108980B010800B585B0F1
:1055B0000346094A4AF63F711180084A102168469D
:1055C00002F0C4FC6A462E214FF4A070FCF7EEFCFA
:1055D00005B05DF804FB00BF00000020B00B01081F
:1055E00010B50446154B00221A80154B4AF63F723F
:1055F0001A8061B142238C222C216220FCF769FBC6
:105600000E4B00221A806CB1012C11D010BD0B4B37
:105610004AF63F721A8042238C222C216220FCF72A
:1056200058FBEDE7074A2E216420FCF7BFFCEDE7AD
:10563000054A2E216420FCF7B9FCE7E70C0A00209C
:1056400000000020B80B01087C0B010810B584B0E5
:105650000446144B00221A80134B40F2DF121A80CA
:10566000A9B13F232C2227211E20FCF732FB0D4B32
:1056700000221A80631C0D4A1021684602F066FC65
:105680006A4629212020FCF791FC04B010BD054B8F
:1056900040F2DF121A803F232C2227211E20FCF724
:1056A00018FBE4E70C0A002000000020C00B0108F2
:1056B00008B50C4B4AF63F721A8048B10A4B40F2CB
:1056C000FF721A80094A5021A020FCF76FFC08BD28
:1056D000054B4AF63F721A80044A5021A020FCF77D
:1056E00065FCF4E7000000200C0A0020C40B010850
:1056F00070B582B04FF485710020FFF73DFA4FF48A
:1057000085716020FFF738FA4FF48571C020FFF7EC
:1057100033FA4FF485714FF49070FFF72DFA4FF480
:1057200085714FF4C070FFF727FAD4210020FFF7EE
:1057300023FAD4216020FFF71FFAD421C020FFF7FD
:105740001BFAD4214FF49070FFF716FAD4214FF4CE
:10575000C070FFF711FA4AF63F730093D2234FF45B
:10576000C0721E210020FCF7CFFA664D40F2DF1414
:105770002C80D2234FF4C0721E210020FCF7A9FA1E
:10578000D12340F27F121F210120FCF7A2FAD0237F
:105790004FF4BF7220210220FCF79BFA00944623AD
:1057A00036221E210020FCF7AFFA46F652332B803A
:1057B0009A234FF4BE7219460320FCF73BFAA82344
:1057C0004FF4BE7219460320FCF734FAB5234FF4A8
:1057D000BE7219460320FCF72DFAC2234FF4BE72A5
:1057E00019460320FCF726FA4BF25F6300935A2315
:1057F0004FF4F0721E214FF4C070FCF785FA4BF69F
:105800007F4600965A234FF4CB724A214FF4C07062
:10581000FCF77AFA2E805A2322461E214FF4C070DC
:10582000FCF757FA592322461F2140F28110FCF75A
:1058300050FA58234FF4EF7220214FF4C170FCF757
:1058400048FA4EF67173009396234FF4F0725A2182
:105850004FF4C070FCF758FA4FF6AD5600969623F9
:105860004FF4CB7286214FF4C070FCF74DFA2E80B6
:10587000962322465A214FF4C070FCF72AFA95234A
:1058800022465B2140F28110FCF723FA94234FF467
:10589000EF725C214FF4C170FCF71BFA45F69D7363
:1058A0000093D2234FF4F07296214FF4C070FCF7AE
:1058B0002BFA40F291460096D2234FF4CB72C221CC
:1058C0004FF4C070FCF720FA2E80D2232246962196
:1058D0004FF4C070FCF7FDF9D1232246972140F226
:1058E0008110FCF7F6F9D0234FF4EF7298214FF4B2
:1058F000C170FCF7EEF9FFF751F9FFF759FB02B061
:1059000070BD00BF0C0A002010B50446FF2834D03B
:10591000284B1878A04214D0FF2809D0042813D8A7
:1059200000EB400043F20822D4214001FEF731FE93
:10593000042C16D804EB44000022D4214001FEF7C9
:1059400028FE1C4B1C7010BDC0F1090000EB40008C
:10595000400180B243F208224FF48571FEF719FE30
:10596000E6E7C4F1090000EB4000400180B20022EC
:105970004FF48571FEF70DFEE3E70E4B1878FF2814
:10598000DFD0042808D800EB400043F20822D421DD
:105990004001FEF7FEFDD4E7C0F1090000EB400036
:1059A000400180B243F208224FF48571FEF7F1FD09
:1059B000C7E700BF3800002008B50A480A4B03605B
:1059C0004FF4E133436000238360C36003610C2222
:1059D00042618361C36102F037F900B908BDFEF787
:1059E000A3F8FBE7245B00200010014000B589B05C
:1059F000002303930493059306930793026803F12E
:105A0000804303F588339A4202D009B05DF804FB65
:105A10000021019103F594335A6C42F010025A644C
:105A20005A6C02F010020192019A02911A6B42F034
:105A300001021A631B6B03F001030293029B4FF4F4
:105A4000C06303930223049303230693072307935E
:105A500003A9024800F0B0FFD7E700BF00000240F2
:105A6000DFF834D00D480E490E4A002302E0D45826
:105A7000C4500433C4188C42F9D30B4A0B4C002396
:105A800001E013600432A242FBD3FEF7FFFA02F0FA
:105A90007DF9FEF79DF8704700000120000000200E
:105AA000F009002004100108F0090020D45B002058
:105AB000FEE7000010B504460E4B18784FF47A73D9
:105AC000B3FBF0F30C4A1068B0FBF3F000F040FBBE
:105AD00068B90F2C01D901200AE0002221464FF0BD
:105AE000FF3000F0EFFA054B1C60002000E00120C1
:105AF00010BD00BF39000020340000203C00002011
:105B000008B50B4B1A6842F400721A601A6842F426
:105B100080621A601A6842F480721A60032000F0F2
:105B2000BFFA0020FFF7C6FFFEF70AFA002008BD03
:105B3000003C0240034A1168034B1B780B4413607E
:105B4000704700BF685B002039000020014B1868D7
:105B5000704700BF685B002038B50446FFF7F6FFCA
:105B60000546B4F1FF3F02D0044B1B781C44FFF7FD
:105B7000EDFF401BA042FAD338BD00BF3900002022
:105B80004A4B5A6822F440325A605A6841680A43C4
:105B90005A600268536823F4807353600268536844
:105BA000016943EA012353600268536823F040739C
:105BB00053600268536881680B43536002689368BE
:105BC00023F40063936002689368C1680B43936099
:105BD000826A374B9A4257D00268936823F0706309
:105BE000936002689368816A0B43936002689368CC
:105BF00023F04053936002689368C16A0B4393603B
:105C00000268936823F00203936002689368017E40
:105C100043EA4103936090F82030002B3FD00268A4
:105C2000536843F4006353600268536823F460438D
:105C3000536001684B68426A013A43EA42334B6061
:105C40000268D36A23F47003D3620168CB6AC26925
:105C5000013A43EA0253CB620268936823F400736B
:105C600093600268936890F8301043EA4123936090
:105C70000268936823F480639360026893684169C3
:105C800043EA8123936070470268936823F070634E
:105C900093600268936823F040539360B0E7026812
:105CA000536823F400635360CAE700BF0023014038
:105CB0000100000F38B310B50446036C43B1236CE8
:105CC00013F0100F0BD00120002384F83C3010BDDE
:105CD000FCF738FC0023636484F83C30EFE7236C66
:105CE00023F4885323F0020343F002032364204685
:105CF000FFF746FF00206064236C23F0030343F0AA
:105D000001032364E0E701207047000010B582B072
:105D100013460022019290F83C20012A00F0948062
:105D20000446012280F83C200268906810F0010FC0
:105D300013D1906840F001009060464A1068464ACE
:105D4000A2FB0020800C00EB4000019002E00198D3
:105D50000138019001980028F9D12268906810F468
:105D6000807F03D0906820F48070906022689068F3
:105D700010F0010F5DD0206C20F4E06020F00100F5
:105D800040F480702064526812F4806F05D0226C59
:105D900022F4405242F480522264226C12F4805F5A
:105DA00034D0626C22F006026264002284F83C2047
:105DB000A26B2A48D063A26B29481064A26B2948C1
:105DC000D06422686FF0220010602068426842F0C0
:105DD000806242602068826842F48072826020683B
:105DE0000A4600F14C01A06B00F0DEFA1E4B5B6826
:105DF00013F01F0F0DD123689A6812F0405F25D170
:105E00009A6842F080429A6000201BE0002262649F
:105E1000CBE72368154A934201D0002012E09A682C
:105E200012F0405F14D19A6842F080429A600020DC
:105E300008E0236C43F010032364636C43F0010318
:105E40006364002002B010BD0220FBE70020F9E7E8
:105E50000020F7E73400002083DE1B43955E000836
:105E6000735E00087F5E00080023014000200140AF
:105E7000704708B5806BFFF7FBFF08BD704708B59A
:105E8000806B40230364436C43F004034364FFF7D7
:105E9000F5FF08BD08B50346806B026C12F0500F89
:105EA00025D1036C43F40073036403689A6812F00D
:105EB000405F19D1027EBAB9DA6A12F4700F03D0CA
:105EC0009A6812F4806F0FD15A6822F020025A604B
:105ED000036C23F480730364036C13F4805F03D1B9
:105EE000036C43F001030364FDF76CF908BD026C19
:105EF00012F0100F04D1826BD26C18469047F5E770
:105F0000FFF7BCFFF2E7000030B482B0002301933A
:105F100090F83C30012B00F0BB80012380F83C302E
:105F20000B68092B41D90468E2689BB203EB430379
:105F30001E3B4FF0070C0CFA03F322EA0303E36065
:105F40000468E2680B8803EB43031E3B8D6805FA87
:105F500003F31343E3604B68062B3DD80468626B80
:105F600003EB8303053B4FF01F0C0CFA03F322EA0B
:105F7000030363630468626B4B6803EB8303053BB5
:105F8000B1F800C00CFA03F3134363630268414B9A
:105F90009A4251D002683F4B9A4256D0002380F873
:105FA0003C30184602B030BC7047046822699BB28E
:105FB00003EB43034FF0070C0CFA03F322EA03034D
:105FC0002361046822690B8803EB43038D6805FA9B
:105FD00003F313432361BEE70C2B16D805682A6B25
:105FE00003EB8303233B1F2404FA03F322EA030396
:105FF0002B6305682A6B4B6803EB8303233B0C88F8
:1060000004FA03F313432B63C0E70568EA6A03EB62
:106010008303413B1F2404FA03F322EA0303EB62E8
:106020000568EA6A4B6803EB8303413B0C8804FA7A
:1060300003F31343EB62A9E70B68122BAAD1164AAC
:10604000536843F480035360A4E70B68103B012BB3
:10605000A4D8114A536843F4000353600B68102B13
:106060009CD10E4B1B6802F1467202F52E3202F2F1
:106070008332A2FB03239B0C03EB83035B0001939E
:1060800002E0019B013B0193019B002BF9D185E7C5
:10609000022087E700200140002301403400002057
:1060A000074AD36823F4E0631B041B0C000200F4CE
:1060B000E060034343F0BF6343F40033D3607047B1
:1060C00000ED00E000B5194BDB68C3F30223C3F118
:1060D000070CBCF1040F28BF4FF0040C03F1040EB1
:1060E000BEF1060F18D9033B4FF0FF3E0EFA0CFC31
:1060F00021EA0C0199400EFA03F322EA0303194343
:1061000000280BDB0901C9B200F1604000F56140D5
:1061100080F800135DF804FB0023E5E700F00F00B2
:106120000901C9B2024B1954F4E700BF00ED00E0C9
:1061300014ED00E0002807DB00F01F0240090123F6
:106140009340024A42F82030704700BF00E100E06F
:106150000138B0F1807F0BD24FF0E0235861054A3F
:10616000F02182F823100020986107221A617047FD
:106170000120704700ED00E058B110B504464379A6
:106180001BB101236371002010BD0371FCF740FABD
:10619000F7E7012070478446022343710068836853
:1061A00043F0010383600023934211D200B5DCF871
:1061B000000051F823E0C0F800E001339342F6D329
:1061C000DCF80030186801238CF805305DF804FB1A
:1061D000DCF80030186801238CF80530704730B4C3
:1061E00005682C6824F480242C600468636083684C
:1061F000402B05D0036899600368DA6030BC7047B3
:1062000003689A600368D960F8E7000010B4036877
:10621000D9B210390B4AA2FB014212090A4CA25C06
:10622000C2655F2908D923F47F7323F00303043385
:106230008365806D10BC704723F47F7323F00303E4
:106240008365F6E7ABAAAAAAD00B0108836A826924
:1062500092B9012B0AD0022B02D00BB1002070475B
:10626000C36A13F0807F28D100207047C36AB3F15E
:10627000C07F24D000207047B2F5005F09D0022B08
:1062800025D9032B25D1C36A13F0807F23D10020A9
:106290007047032B03D8DFE803F01404140A00202E
:1062A0007047C36A13F0807F0DD100207047C36A26
:1062B000B3F1C07F09D00020704701207047012052
:1062C000704701207047012070470120704701206E
:1062D00070470020704701207047000070B50446E9
:1062E000FFF734FC002C5BD00546022384F83530E0
:1062F000002384F834302268136823F0010313600C
:1063000023681A6812F0010F0AD0FFF71FFC431B25
:10631000052BF5D920236365032084F8350070BD73
:106320001A68204810406168A2680A43E1680A437D
:1063300021690A4361690A43A1690A43E1690A4381
:10634000216A0A430243616A04291ED01A60266842
:10635000756925F00705636A1D43042B07D1A36AFD
:106360001D43E36A1BB12046FFF770FF90B97561CA
:106370002046FFF74BFFE26D3F23934083600020F0
:106380006065012384F83530C9E7E16A206B014379
:106390000A43DBE740236365012084F83500BEE74C
:1063A0000120BCE73F8010F038B50446856D90F8B9
:1063B000340001282BD0012084F8340094F83500F3
:1063C000C0B2012804D0002384F83430022038BD44
:1063D000022084F83500002060652046FFF7FFFEAC
:1063E000E26D3F239340AB602268136843F01603CD
:1063F0001360236C23B12268136843F00803136011
:106400002268136843F0010313600020DFE70220D5
:10641000DDE70000F0B583B0044600230193724B22
:106420001D68724BA3FB0535AD0A876D3E68C26DD2
:1064300008239340334210D003681A6812F0040F07
:106440000BD01A6822F004021A60C26D0823934030
:10645000BB60436D43F001034365E26D012393404C
:10646000334209D02268526912F0800F04D0BB6019
:10647000636D43F002036365E26D0423934033428E
:1064800009D02268126812F0020F04D0BB60636D5D
:1064900043F004036365E26D10239340334224D03C
:1064A0002268126812F0080F1FD0BB6023681A68B8
:1064B00012F4802F0DD01B6813F4002F04D1236C2D
:1064C0009BB12046984710E0A36C73B120469847D3
:1064D0000BE01A6812F4807F03D11A6822F00802D8
:1064E0001A60236C0BB120469847E26D202393403D
:1064F000334255D02268126812F0100F50D0BB60A2
:1065000094F83530DBB2052B0ED023681A6812F4EC
:10651000802F33D01B6813F4002F2AD1636C002B1B
:106520003ED0204698473BE02268136823F01603CC
:1065300013602268536923F080035361236CA3B175
:106540002268136823F008031360E26D3F23934031
:10655000BB60012384F83530002384F83430236D88
:10656000002B3FD0204698473CE0A36C002BE7D19E
:10657000EBE7E36BA3B12046984711E01A6812F4E9
:10658000807F09D11A6822F010021A60012384F872
:106590003530002384F83430E36B0BB12046984744
:1065A000636DFBB1636D13F0010F17D0052384F801
:1065B00035302268136823F001031360019B013317
:1065C0000193AB4204D823681B6813F0010FF5D187
:1065D000012384F83530002384F83430E36C0BB1A8
:1065E0002046984703B0F0BD34000020B5814E1B13
:1065F00010B409490C6924F440740C610C6944F42A
:1066000040740C610C6944F001040C610260BFF33A
:106610006F8F436010BC7047003C0240074B1A6903
:1066200022F440721A611A6942F400721A611A69FE
:1066300042F001021A610160704700BF003C024055
:10664000074B1A6922F440721A611A6942F4807287
:106650001A611A6942F001021A610180704700BF95
:10666000003C0240064B1A6922F440721A611A6912
:106670001A611A6942F001021A610170704700BF85
:10668000003C0240274BDB6813F0100F07D0264A6E
:10669000D36943F01003D361224B1022DA60214BFF
:1066A000DB6813F0200F07D01F4AD36943F00803BB
:1066B000D3611C4B2022DA601A4BDB6813F0400FC9
:1066C00007D0194AD36943F00403D361154B402224
:1066D000DA60144BDB6813F0800F07D0124AD369DD
:1066E00043F00203D3610F4B8022DA600D4BDB686D
:1066F00013F4807F08D00C4AD36943F00103D361BF
:10670000084B4FF48072DA60064BDB6813F0020F1F
:1067100007D0054AD36943F02003D361014B02221D
:10672000DA607047003C02406C5B0020094B1B693B
:10673000002B01DB00207047064B074A5A6002F12C
:1067400088325A601B69002B01DB00207047012052
:10675000704700BF003C024023016745034A1369AC
:1067600043F0004313610020704700BF003C02402B
:1067700038B50446144B0022DA61FFF7E7F9054605
:10678000124BDB6813F4803F0AD0B4F1FF3FF7D01F
:1067900024B1FFF7DBF9401BA042F1D903200DE043
:1067A0000A4BDB6813F0010F02D0084B0122DA60BC
:1067B000064BDB6813F4F97F01D1002038BDFFF7E9
:1067C00061FF0120FAE700BF6C5B0020003C024043
:1067D000F8B516461B4A127E012A30D004460D46F3
:1067E0001F46184B01221A764CF25030FFF7C0FFBB
:1067F00090B9ACB1012C18D0022C1BD032463B46CC
:106800002846FFF7F5FE4CF25030FFF7B1FF0E4A75
:10681000136923F0010313610A4B00221A76F8BDB5
:10682000F1B22846FFF71EFFEDE7B1B22846FFF7A9
:1068300007FFE8E731462846FFF7F0FEE3E70220CE
:10684000EDE700BF6C5B0020003C0240074B19697C
:1068500021F440711961196941F0040119611A6943
:1068600042EA002242F480321A617047003C024042
:1068700049B1012921D0022902D04FF4407C04E023
:106880004FF4007C01E04FF0000C0D4B196921F42E
:10689000407119611A6942EA0C021A611A6922F000
:1068A000F8021A611A6942EAC00040F00200186159
:1068B0001A6942F480321A6170474FF4807CE4E731
:1068C000003C0240164B1B6813F4007F10D0144BA1
:1068D0001A6822F400721A601A6842F400621A60A0
:1068E0001A6822F400621A601A6842F400721A6090
:1068F0000B4B1B6813F4806F10D0094B1A6822F4FD
:1069000080621A601A6842F480521A601A6822F48F
:1069100080521A601A6842F480621A60704700BFA1
:10692000003C0240F8B5224B1B7E012B3ED00446B2
:106930000E461F4B01221A764CF25030FFF718FF1B
:10694000074670BB4FF0FF3333602368012B16D02E
:10695000A568E368A2681344AB4220D9217C28468D
:10696000FFF786FF4CF25030FFF702FF114A136920
:1069700023F0FA031361074680B90135E9E761683E
:10698000207CFFF763FF4CF25030FFF7F1FE074623
:10699000084A136923F00403136100E03560FFF730
:1069A00091FF034B00221A763846F8BD0227FBE719
:1069B0006C5B0020003C024000230F2B00F2D280D1
:1069C00070B582B060E085685E000324B44025EABB
:1069D0000405CC68B4402C438460456825EA020570
:1069E0004C68C4F300129A402A4342605AE0DC0823
:1069F000083450F8246003F0070295000F22AA40E3
:106A000026EA020E0A69AA4042EA0E0240F8242051
:106A10005CE0042200E0002202FA0EF22A43023473
:106A2000514D45F82420514A14686FEA0C0224EABB
:106A30000C054E6816F4803F01D04CEA04054B4C1F
:106A40002560646802EA04054E6816F4003F01D030
:106A50004CEA0405454C6560A46802EA04054E68EA
:106A600016F4801F01D04CEA0405404CA560E46890
:106A700022404D6815F4001F01D04CEA04023B4C43
:106A8000E26001330F2B6BD801229A400C6804EAB4
:106A9000020C32EA0404F4D14C6804F00304013C13
:106AA000012C90D94A6802F00302032A09D0C46875
:106AB0005D000322AA4024EA02048A68AA40224315
:106AC000C2604A6802F00302022A90D004684FEACA
:106AD000430E032202FA0EF224EA02044A6802F08C
:106AE000030202FA0EF2224302604A6812F4403FA7
:106AF000C7D0002201921E4A546C44F4804454646E
:106B0000526C02F480420192019A9C08A51C164A1C
:106B100052F8255003F003024FEA820E0F2202FAC8
:106B20000EF225EA0205134A90423FF474AF02F5D3
:106B3000806290420ED002F5806290420CD002F545
:106B4000806290420AD002F5806290423FF461AFC9
:106B5000072261E701225FE702225DE703225BE78C
:106B600002B070BD704700BF00380140003C0140DA
:106B700000380240000002400369194201D00120A0
:106B80007047002070470AB1816170470904816134
:106B90007047436901EA030221EA030141EA024125
:106BA00081617047002800F0E08170B582B0044632
:106BB000036813F0010F3BD09F4B9B6803F00C035D
:106BC000042B2CD09C4B9B6803F00C03082B21D08A
:106BD0006368B3F5803F4FD0B3F5A02F52D0964BEA
:106BE0001A6822F480321A601A6822F480221A602D
:106BF0006368002B50D0FEF7A9FF05468E4B1B683B
:106C000013F4003F14D1FEF7A1FF401B6428F5D90F
:106C10000320B1E1884B5B6813F4800FD8D0864B1A
:106C20001B6813F4003F03D06368002B00F09F81C2
:106C3000236813F0020F54D07F4B9B6813F00C0FA6
:106C40003ED07D4B9B6803F00C03082B33D0E368E8
:106C5000002B68D0794B01221A60FEF777FF0546BA
:106C6000754B1B6813F0020F54D1FEF76FFF401BEA
:106C70000228F5D903207FE16F4A136843F480337B
:106C80001360B5E76C4B1A6842F480221A601A68E8
:106C900042F480321A60ABE7FEF758FF0546664BB8
:106CA0001B6813F4003FC3D0FEF750FF401B64285D
:106CB000F5D9032060E1604B5B6813F4800FC6D107
:106CC0005D4B1B6813F0020F03D0E368012B40F00B
:106CD0005081594A136823F0F803216943EAC1033C
:106CE0001360236813F0080F42D063696BB3534BF2
:106CF0000122C3F8802EFEF729FF05464E4B5B6F3D
:106D000013F0020F34D1FEF721FF401B0228F5D902
:106D1000032031E1484A136823F0F803216943EA6C
:106D2000C1031360DDE7454B00221A60FEF70EFF3A
:106D30000546414B1B6813F0020FD2D0FEF706FF49
:106D4000401B0228F5D9032016E13C4B0022C3F872
:106D5000802EFEF7FBFE0546374B5B6F13F0020FEC
:106D600006D0FEF7F3FE401B0228F5D9032003E10D
:106D7000236813F0040F77D02F4B1B6C13F0805F48
:106D800033D1002301932C4B1A6C42F080521A64C9
:106D90001B6C03F080530193019B0125284B1B685A
:106DA00013F4807F23D0A368012B34D0052B38D077
:106DB000214B1A6F22F001021A671A6F22F00402A7
:106DC0001A67A368002B3DD0FEF7C0FE06461A4B9B
:106DD0001B6F13F0020F46D1FEF7B8FE801B41F285
:106DE00088339842F3D90320C6E00025D6E7144A39
:106DF000136843F480731360FEF7A8FE0646104B39
:106E00001B6813F4807FCED1FEF7A0FE801B022802
:106E1000F5D90320B0E0084A136F43F0010313676C
:106E2000CFE7054B1A6F42F004021A671A6F42F05F
:106E300001021A67C5E700BF003802400000474260
:106E400000700040FEF782FE0646524B1B6F13F0A7
:106E5000020F08D0FEF77AFE801B41F28833984279
:106E6000F3D9032088E0EDB9A369002B00F08380FB
:106E7000484A926802F00C02082A51D0022B17D01F
:106E8000454B00221A66FEF761FE0446414B1B6823
:106E900013F0007F42D0FEF759FE001B0228F5D9FF
:106EA000032069E03B4A136C23F080531364DBE753
:106EB000394B00221A66FEF749FE0546354B1B6822
:106EC00013F0007F06D0FEF741FE401B0228F5D9E3
:106ED000032051E0E369226A1343626A43EA8213A2
:106EE000A26A5208013A43EA0243E26A43EA0263B1
:106EF000284A5360284B01221A66FEF727FE0446F3
:106F0000244B1B6813F0007F06D1FEF71FFE001B09
:106F10000228F5D903202FE000202DE000202BE0EF
:106F2000012B2BD01B4B5B6803F48001E26991427B
:106F300026D103F03F02216A8A4223D1616A47F6D3
:106F4000C0721A40B2EB811F1ED103F44031A26A15
:106F50005208013AB1EB024F18D103F07063E26AB4
:106F6000B3EB026F14D1002006E00120704701202E
:106F700002E0012000E0002002B070BD0120FBE72C
:106F80000120F9E70120F7E70120F5E70120F3E709
:106F90000120F1E7003802400000474208B5254BC8
:106FA0009B6803F00C03042B3FD0082B3FD1214BEF
:106FB0005A6802F03F025B6813F4800F12D01D4B39
:106FC0005968C1F388111C480023A1FB0001F9F79F
:106FD0004FFE184B5B68C3F3014301335B00B0FB0A
:106FE000F3F025E0134B5968C1F3881C4FEA4C11AC
:106FF000B1EB0C006EEB0E0E4FEA8E1343EA90637A
:107000008101091A63EB0E03DB0043EA5173C900E7
:1070100011EB0C0C43F10003990200234FEA8C2082
:1070200041EA9C51F9F724FED3E7034800E0034806
:1070300008BD00BF0038024040787D010024F40004
:10704000002800F09B8070B50D4604464F4B1B682E
:1070500003F007038B4208D2CBB24C4A137013687B
:1070600003F007038B4240F08B80236813F0020F7C
:1070700017D013F0040F04D0454A936843F4E0534B
:107080009360236813F0080F04D0414A936843F4D7
:10709000604393603E4A936823F0F003A1680B437A
:1070A0009360236813F0010F32D06368012B21D065
:1070B0009A1E012A25D9364A126812F0020F61D0B1
:1070C00033498A6822F0030213438B60FEF73EFDCA
:1070D00006462F4B9B6803F00C036268B3EB820FEC
:1070E00016D0FEF733FD801B41F288339842F0D969
:1070F000032042E0264A126812F4003FE0D101204A
:107100003BE0234A126812F0007FD9D1012034E01D
:107110001E4B1B6803F00703AB4207D9EAB21B4BB7
:107120001A701B6803F00703AB422DD1236813F0DC
:10713000040F06D0164A936823F4E053E1680B432A
:107140009360236813F0080F07D0114A936823F463
:107150006043216943EAC1039360FFF71FFF0C4BB3
:107160009B68C3F303130B4AD35CD8400A4B1860E7
:107170000A4B1868FEF79EFC002070BD0120704786
:107180000120FAE70120F8E70120F6E7003C024081
:1071900000380240140B0108340000203C0000209D
:1071A000014B1868704700BF3400002008B5FFF796
:1071B000F7FF044B9B68C3F38223034AD35CD84098
:1071C00008BD00BF00380240240B010808B5FFF7D6
:1071D000E7FF044B9B68C3F34233034AD35CD840B8
:1071E00008BD00BF00380240240B01082DE9F0471C
:1071F00082B00546884617461E46FEF7A7FC0A9B46
:107200001B1A03EB0609FEF7A1FC82462B4B1B68F9
:10721000C3F3CB3309FB03F301932B689C6838EA73
:1072200004030CBF4FF0010C4FF0000CBC4540D0E4
:10723000B6F1FF3FF1D0FEF789FCA0EB0A0048450C
:107240000AD2B9F1000F07D0019A02B14A46019B58
:10725000013B01939146E0E72A68536823F0E0037D
:1072600053606B68B3F5827F0BD0AB6AB3F5005FF8
:1072700014D0012385F85130002385F850300320C5
:1072800018E0AB68B3F5004F02D0B3F5806FECD1D6
:107290002A68136823F040031360E6E72A6813683E
:1072A00023F4005313602A68136843F400531360F7
:1072B000DFE7002002B0BDE8F08700BF3400002007
:1072C00010B584B00446164B1868164BA3FB00306B
:1072D000400D4FF47A7303FB00F003906368B3F53D
:1072E000827F0BD0039BBBB1039B013B03932368BD
:1072F0009B6813F0800FF5D100200EE000920B4642
:10730000002280212046FFF771FF30B1636D43F00A
:1073100020036365032000E0002004B010BD00BF1F
:1073200034000020819F5E1600285AD010B5044614
:10733000436A33B94368B3F5827F05D00023C36144
:1073400002E00023036143610023A36294F85130FB
:10735000002B40D0022384F851302268136823F0B8
:1073600040031360636803F48273A26802F404426A
:107370001343E26802F400621343226902F002023E
:107380001343626902F001021343A26902F400721E
:107390001343E26902F038021343226A02F08002CA
:1073A0001343A26A02F40052216813430B60638BFB
:1073B00003F00403626A02F01002216813434B6079
:1073C0002268D36923F40063D36100206065012340
:1073D00084F8513010BD84F850302046FCF778FD19
:1073E000B8E7012070472DE9F04383B01D4690F8BF
:1073F0005030012B00F0D18004468846914601238D
:1074000080F85030FEF7A2FB074694F85160F6B2C0
:10741000012E40F0AF80B8F1000F00F0AC80B9F160
:10742000000F00F0A880032384F851300023636527
:10743000C4F83080A4F83490A4F83690A363A387EE
:10744000E38763642364A368B3F5004F1ED0236809
:107450001A6812F0400F03D11A6842F040021A6015
:10746000E368B3F5006F1CD0636813B1B9F1010F85
:1074700052D1226B236812781A73236B0133236372
:10748000E38E9BB2013B9BB2E38645E02268136822
:1074900023F0400313602268136843F480431360B1
:1074A000D5E7636813B1B9F1010F16D1226B2368D8
:1074B0001288DA60236B02332363E38E9BB2013BB5
:1074C0009BB2E38609E0FEF741FBC01BA84202D352
:1074D000B5F1FF3F59D1002D59D0E38E9BB2002B5F
:1074E00033D023689A6812F0020FECD0226B128816
:1074F000DA60236B02332363E38E9BB2013B9BB2C2
:10750000E386EAE7FEF722FBC01BA84202D3B5F1EF
:10751000FF3F3ED1002D3ED0E38E9BB2ABB123683E
:107520009A6812F0020FEDD0226B12781A73236B57
:1075300001332363B4F836C01FFA8CFC0CF1FF3C16
:107540001FFA8CFCA4F836C0E6E73A4629462046E6
:10755000FFF7B6FE08B120236365A36833B9019332
:107560002368DA6801929B680193019B636D13B9EC
:10757000002600E00226012384F85130002384F81D
:107580005030304603B0BDE8F0830326F3E703260E
:10759000F1E70326EFE70326EDE70226F1E710B453
:1075A000036A046A24F001040462846924F0F00C84
:1075B0004CEA021223F00A030B438261036210BCFF
:1075C000704710B4046A24F0100404628469036AEA
:1075D00024F4704C4CEA023223F0A00343EA011376
:1075E0008261036210BC7047836823F070030B4311
:1075F00043F007038360704790F83D30DBB2012B06
:107600002FD1022380F83D300268D36843F0010394
:10761000D3600368154A934218D0B3F1804F15D058
:10762000A2F57C42934211D002F5806293420DD0C4
:1076300002F58062934209D002F59A32934205D056
:107640001A6842F001021A60002070479A6802F03E
:107650000702062A07D01A6842F001021A600020C9
:107660007047012070470020704700BF00000140B4
:107670000268D36823F00103D3600368196A41F2FA
:107680001112114208D1196A40F24442114203D149
:107690001A6822F001021A60012380F83D300020B0
:1076A0007047704770477047704710B504460368CD
:1076B0001A6912F0020F11D0DA6812F0020F0DD021
:1076C0006FF002021A610123037703689B6913F0CC
:1076D000030F70D0FFF7E6FF0023237723681A69B2
:1076E00012F0040F12D0DA6812F0040F0ED06FF00F
:1076F00004021A610223237723689B6913F4407FF5
:107700005FD02046FFF7CEFF0023237723681A6956
:1077100012F0080F12D0DA6812F0080F0ED06FF0D6
:1077200008021A61042323772368DB6913F0030F2F
:107730004ED02046FFF7B6FF0023237723681A694F
:1077400012F0100F12D0DA6812F0100F0ED06FF096
:1077500010021A61082323772368DB6913F4407F42
:107760003DD02046FFF79EFF0023237723681A6948
:1077700012F0010F03D0DA6812F0010F36D123683E
:107780001A6912F0800F03D0DA6812F0800F34D13A
:1077900023681A6912F0400F03D0DA6812F0400F24
:1077A00032D123681A6912F0200F03D0DA6812F080
:1077B000200F30D110BDFFF774FF2046FFF773FF95
:1077C0008AE72046FFF76DFF2046FFF76CFF9BE737
:1077D0002046FFF766FF2046FFF765FFACE720462F
:1077E000FFF75FFF2046FFF75EFFBDE76FF0010286
:1077F0001A612046FBF744FAC1E76FF080021A6174
:10780000204600F054F9C3E76FF040021A612046A9
:10781000FFF74AFFC5E76FF020021A61204600F02B
:1078200045F9C7E70368254A90420ED0B0F1804F72
:107830000BD0A2F57C42904207D002F580629042C4
:1078400003D002F58062904203D123F070034A68AE
:1078500013431A4A90421AD0B0F1804F17D0A2F5C4
:107860007C42904213D002F5806290420FD002F524
:10787000806290420BD002F59A32904207D002F516
:107880008062904203D002F58062904203D123F4DB
:107890004073CA68134323F080034A6913430360AB
:1078A0008B68C3620B688362044B984202D0012349
:1078B000436170470B690363F9E700BF00000140B3
:1078C00040B310B5044690F83D30F3B1022384F87C
:1078D0003D30214651F8040BFFF7A4FF012384F843
:1078E000463084F83E3084F83F3084F8403084F8E5
:1078F000413084F8423084F8433084F8443084F8CE
:10790000453084F83D30002010BD80F83C30FCF755
:1079100067FCDBE70120704710B4846824F47F4CD7
:1079200042EA03220A4342EA0C02826010BC70471A
:1079300090F83C30012B78D010B50446012380F834
:107940003C30022380F83D300268936823F47F4383
:1079500023F0770393600B68602B4CD029D8402B21
:1079600054D00CD9502B22D1CA6849680068FFF75F
:1079700016FE50212068FFF737FE002005E0202B7F
:107980000DD009D9302B0AD00120012384F83D30D5
:10799000002384F83C3010BD0BB1102B05D11946E3
:1079A0002068FFF721FE0020EFE70120EDE701202E
:1079B000EBE7B3F5805F34D0B3F5005F0CD1CB6853
:1079C0004A6889680068FFF7A7FF2268936843F454
:1079D000804393600020D8E7702B24D1CB684A689D
:1079E00089680068FFF798FF2268936843F077037F
:1079F00093600020C9E7CA6849680068FFF7E1FDA5
:107A000060212068FFF7F0FD0020BEE7CA684968E2
:107A10000068FFF7C4FD40212068FFF7E5FD002066
:107A2000B3E70020B1E70120AFE702207047000074
:107A300090F83C30012B34D010B4012380F83C3056
:107A4000022380F83D3003685A689C6822F0700C6D
:107A50000A6842EA0C025A600368134A934212D041
:107A6000B3F1804F0FD0A2F57C4293420BD002F5C8
:107A70008062934207D002F58062934203D002F500
:107A80009A32934204D124F080044A6814439C60E3
:107A9000012380F83D30002380F83C30184610BCAC
:107AA00070470220704700BF0000014070477047D8
:107AB00038B504460268136923F44053C1680B4388
:107AC000136183680269134342691343C2691A430D
:107AD0000168CB6823F4164323F00C031343CB60F7
:107AE0000268536923F4407381690B43536103684F
:107AF000314A934206D002F58062934202D0FFF7EA
:107B000055FB01E0FFF762FBE369B3F5004F29D0B5
:107B10000021031849411B1841F10001C90041EA45
:107B20005371DB00181863684FEA83024FEA9373BE
:107B300041F10001F9F79CF8204DA5FB00325109F5
:107B4000642303FB11031B013233A5FB03235B09F1
:107B500003F0F00202EB011203F00F03216813445B
:107B60008B6038BD0023021843EB0301121841F16A
:107B70000001C90041EA5271D200101841F1000120
:107B8000626892185B41F9F773F80C4DA5FB00325F
:107B90005109642303FB1103DB003233A5FB0323EC
:107BA0005B095A0002F4F87202EB011203F00703BA
:107BB000216813448B60D4E7001001401F85EB510E
:107BC0002DE9F84305460F4616469946DDF8208014
:107BD0002C68246837EA04030CBF4FF0010C4FF007
:107BE000000CB4452DD1B8F1FF3FF1D0B8F1000F32
:107BF00005D0FDF7ABFFA0EB09004045E8D92A68A6
:107C000002F10C0353E8003F23F4D0730C3242E836
:107C100000310029F3D12A6802F1140353E8003F30
:107C200023F00103143242E800310029F3D120236C
:107C300085F83D3085F83E30002385F83C30032040
:107C400000E00020BDE8F88358B310B5044690F872
:107C50003D300BB3242384F83D302268D36823F4ED
:107C60000053D3602046FFF723FF2268136923F4F3
:107C7000904313612268536923F02A0353612268F9
:107C8000D36843F40053D36000202064202384F899
:107C90003D3084F83E3010BD80F83C30FDF7A6FE44
:107CA000D8E7012070472DE9F04182B01E4690F8D8
:107CB0003D30DBB2202B54D104460D4690460029BE
:107CC00053D0002A53D090F83C30012B51D00123DF
:107CD00080F83C3000230364212380F83D30FDF719
:107CE00035FF0746A4F82480A4F82680A368B3F5DE
:107CF000805F05D04FF00008002384F83C3012E08C
:107D0000236913B14FF00008F6E7A8460025F3E712
:107D100038F8023B2268C3F308035360E28C92B246
:107D2000013A92B2E284E38C9BB273B100963B4677
:107D3000002280212046FFF743FFE0B9002DE7D065
:107D400015F8012B23685A60E8E700963B460022AD
:107D500040212046FFF734FF78B9202384F83D30D6
:107D600000E0022002B0BDE8F0810120FAE7012026
:107D7000F8E70220F6E70320F4E70320F2E700002B
:107D8000014B1868704700BF4000002070B50D4ED1
:107D90000D4D761BB61006D0002455F8043B013477
:107DA0009847A642F9D1094E094D761B07F07EFD92
:107DB000B61006D0002455F8043B01349847A6427B
:107DC000F9D170BDF80F0108F80F01080010010883
:107DD000F80F0108830730B548D0541E002A3FD061
:107DE000CAB2034601E0013C3AD303F8012B9D07D8
:107DF000F9D1032C2DD9CDB245EA05250F2C45EA42
:107E0000054536D9A4F1100222F00F0C03F1200E23
:107E1000E6444FEA121C03F1100242E9045542E91C
:107E2000025510327245F8D10CF1010214F00C0F1A
:107E300003EB021204F00F0C13D0ACF1040323F097
:107E400003030433134442F8045B9342FBD10CF068
:107E500003042CB1CAB21C4403F8012B9C42FBD191
:107E600030BD64461346002CF4D1F9E703461446AE
:107E7000BFE71A46A446E0E70FB400B5074983B050
:107E800004AB086853F8042B8168019301F0C0FD2E
:107E900003B05DF804EB04B0704700BF4000002061
:107EA00070B5054688B008460C46F9F749F9224EE8
:107EB000AA6B059001214318CDE9066104A80221AF
:107EC00004940393AC680190029122B3636E13F0A3
:107ED000010FB4F90C309AB201D1980525D591045F
:107EE00006D4626E43F4005322F40052A38162660A
:107EF000284601AA214604F067FE636E002814BFDD
:107F00004FF0FF350A25DA0702D4A3899B0506D571
:107F1000284608B070BD284604F058FCD6E7A06D8E
:107F200004F0F4FF284608B070BDA06D04F0ECFF2B
:107F3000B4F90C309AB2D2E7380A0108024B014674
:107F40001868FFF7ADBF00BF400000200CB410B5AB
:107F50001F4B00291C689CB035DB4FF40273ADF851
:107F60001430029006901FAB18D001394FF6FF7203
:107F700004910791ADF8162002A91E9A019320469C
:107F800000F028F8421C01DA8B232360029B0022B8
:107F90001A701CB0BDE8104002B070474FF6FF7277
:107FA00004910791ADF8162002A91E9A019320466C
:107FB00000F010F8431C01DA8B2323601CB0BDE8ED
:107FC000104002B070478B2323604FF0FF30F5E77D
:107FD000400000202DE9F04FD5B00C460C919146A1
:107FE0000E930A9004F088FF036817931846F9F778
:107FF000A7F8A3891690190603D52369002B00F072
:108000008B8700242BAB4D46CDE92944CDE919449B
:10801000CDE91B44129428939846189400230894A1
:108020000024CDE914342B78002B00F0DD81AA4622
:1080300004E01AF8013F002B00F01681252BF8D13F
:10804000BAEB050640F014819AF80030002B00F0DE
:10805000CB8100234FF0FF329AF801608DF8833016
:1080600009930AF1010A07921F462B244FF02009B9
:108070000AF1010AA6F120035A2B00F22D81DFE854
:1080800013F0BA022B012B01B5022B012B012B019E
:108090006A002B012B014F02E3022B015A02C90295
:1080A0002B01C4025B005B005B005B005B005B00BC
:1080B0005B005B005B002B012B012B012B012B01D3
:1080C0002B012B01BF012B011A028600BF01BF014A
:1080D000BF012B012B012B012B01B0022B012B0126
:1080E000C3002B012B012B0124022B015F022B016A
:1080F0002B013C072B012B012B012B012B012B0109
:108100002B012B01BF012B011A028800BF01BF0107
:10811000BF01A302880081002B0196022B0182027D
:10812000C500700281002B0124027E0039072B015B
:108130002B0119072B017E00A6F1300300221AF84B
:10814000016B02EB820203EB4202A6F13003092B22
:10815000F5D909928EE7DDF828B0584604F0CCFE38
:1081600043681B931846F8F7EBFF1C9006465846E9
:1081700004F0C2FE83681993002E40F07A869AF8C4
:10818000006075E79AF8006047F0200770E747F055
:108190001007BA060E9B40F18081073323F00703D6
:1081A0001A465B6852F8084B0E929946002BC0F2B3
:1081B0005F85079B013301F01F8054EA090327F014
:1081C000800B00F0E3840A2C79F1000380F08187B2
:1081D000303401238DF84F415F460B930DF24F155C
:1081E00007990B989DF8832081424FF00003B8BF98
:1081F00001460D9306910F9313931093002A7CD0A0
:10820000069B0133069378E047F0100717F020092A
:1082100000F034810E9B073323F00703D3F804905A
:1082200053F8084B0E9327F4806B002300228DF83F
:108230008320079A511C00F00D8254EA09012BF0AB
:10824000800740F00682002A41F01080002B40F0A9
:10825000A2841BF001030B9300F0378530238DF8C7
:108260004F310DF24F15BBE7BAEB050600F0BC80AD
:108270002A9B33442A93299B0133072BC8E90056D4
:10828000299305DC08F10808089B33440893DBE6D2
:108290000C990A9828AA06F03BF880B90DF1AC08B1
:1082A000F2E70C990A9828AA06F032F8002800F0A4
:1082B0008C800D9B1BB10D990A9804F07FFB0C9BE1
:1082C0009B8913F0400F089B18BF4FF0FF330893B2
:1082D000089855B0BDE8F08F002E00F08580002290
:1082E0008DF8EC608DF88320012306930D920B939B
:1082F00007920F92139210923BAD17F0020302D037
:1083000006990231069117F0840B07D10999069856
:10831000A1EB0009B9F1000F00F315832A9C8AB183
:10832000299A0DF1830101320134C8F80010072A9F
:108330004FF001012A942992C8F8041000F34683F3
:1083400008F1080883B1299B21AA01330234C8F837
:108350000020072B4FF002022A942993C8F804202A
:1083600000F3488308F10808BBF1800F00F00E828B
:10837000079B0B9AA3EB020BBBF1000F00F34F829C
:10838000FB0500F1A5810B9BC8F804301C44299B18
:10839000C8F800500133072B2A94299300F3C782B1
:1083A00008F108087B0705D5099B069A9D1A002D40
:1083B00000F32C83DDE9083206998A42ACBF9B1892
:1083C0005B180893002C7FF46CAF002329930D9B5E
:1083D0001BB10D990A9804F0F1FA0DF1AC0855465D
:1083E0002B78002B7FF423AE2A9B002B3FF467AF42
:1083F0000C9C0A9828AA214605F08AFFA38960E709
:108400000E9B073323F00702F2E80234CDE914345F
:10841000DDE9143424F000440E92994618462146B2
:10842000A74B4FF0FF32F9F75DF9002840F0628466
:10843000A34B484621464FF0FF32F8F707F90028D2
:1084400040F05884DDE9140100220023F8F7F4F825
:10845000002840F0AD879DF883209A4D9A4B27F075
:1084600080070321472EC8BF1D4600230D930691A8
:108470000B9107930F9313931093BFE617F010031C
:1084800040F02E8417F0400200F054870E9A52F804
:10849000044B0E929946A4B2C5E653F8044B0E93D2
:1084A000FB0600F118847D0640F1128444F3C039C4
:1084B0004B4624B27AE60E9B002253F8041B8DF83B
:1084C00083208DF8EC100E930EE70E9C079B54F85A
:1084D000045B4FF000098DF88390002D00F0D586E5
:1084E0005A1C00F052851A4649462846F8F798FE6D
:1084F0000D90002801F057800D9BCDF81C905B1B60
:108500000B930E9423EAE3739DF883200693CDF832
:108510003490CDF83C90CDF84C90CDF840906DE67D
:108520000E9B53F8042B0992002A80F2C983099A02
:108530000E93524209929AF8006047F0040797E5BB
:1085400047F0100B1BF0200900F081830E9B0733CE
:1085500023F00703D3F8049053F8084B0E9301233C
:1085600064E60E9B53F8044B0E93302378268DF867
:108570008430564B189347F0020B8DF885604FF00E
:108580000009022352E6BD0600F18284FC0600F1D8
:108590007386780600F13C87B90540F16D860E9B25
:1085A000089953F8042B0E931170554618E79AF862
:1085B00000606C2E03BF9AF8016047F020070AF1B3
:1085C000010A47F0100753E59AF80060682E03BFD0
:1085D0009AF8016047F400770AF1010A47F0400772
:1085E00046E59AF8006047F0080741E59AF8006010
:1085F00047F001073CE59DF88330002B7FF4BFADC9
:108600009AF800608DF8839032E59AF8006047F0A0
:1086100080072DE5524612F8016B2A2E01F0CD811C
:10862000A6F13003092B924698BF002201F2888000
:108630001AF8016B02EB820203EB4202A6F130034F
:10864000092BF5D9079215E59AF800608DF883405B
:108650000EE5BB46012B3FF4B6AD022B54AD12D153
:10866000189A04F00F032409D35C05F8013D44EA8D
:1086700009744FEA191954EA0903F2D154AB5B1B90
:108680005F460B93ACE504F00703E40844EA497441
:108690004FEAD909303354EA09012A4605F8013D69
:1086A000F1D11BF0010FE9D0302BE7D03023023A93
:1086B00005F8013C54AB9B1A5F460B9315468FE5BA
:1086C000FFFFEF7FDC0B0108E00B0108EC0B01085A
:1086D000652E40F3E680DDE9140100220023F7F760
:1086E000A1FF002800F0CD81299BBF4AC8F80020D7
:1086F000013301340122072B2A942993C8F804205E
:1087000000F37D8508F10808229B129A934280F2BB
:10871000D382169B179A1C44C8E90023299B2A94EC
:108720000133072B299300F3EB8308F10808129B10
:108730005D1E002D7FF736AE102D299BDFF8AC9221
:1087400040F36E8549462246B946DDF828B00C9CB8
:1087500010260F4605E008F10808103D102D40F3E3
:108760005B8501331032072BC8E90076CDE9293249
:10877000F1DD28AA2146584605F0CAFD00287FF4FD
:1087800098ADDDE929320DF1AC08E6E7099B069AC0
:10879000A3EB020BBBF1000F7FF7EAADBBF1100FAB
:1087A000299ADFF848922CDD1D9621464E460C9CF6
:1087B000DDF82890102306E0ABF1100BBBF1100F91
:1087C00008F108081ADD01321031072AC8E90063F0
:1087D000CDE92921F0DD28AA214648460DF1AC0853
:1087E00005F096FD00287FF464ADABF1100BBBF1F2
:1087F000100FDDE929214FF01003E4DCB1461D9E86
:108800000C4601325C44072ACDE92924C8F80090BF
:10881000C8F804B000F31D8508F10808A8E5BBF10D
:10882000100F299ADFF8C4912DDD41462046A84655
:108830004C460C9DDDF82890102306E0ABF1100BA0
:10884000BBF1100F01F1080119DD01321030072AC8
:10885000C1E90043CDE92920F0DD28AA2946484690
:1088600005F056FD00287FF424ADABF1100BBBF1F1
:10887000100FDDE929202BA94FF01003E5DC454658
:10888000A1468846044601325C44072ACDE92924E2
:10889000C8F80090C8F804B000F3CC8108F10808CB
:1088A0006EE5129B012B40F37C81299EC8F8005095
:1088B000013601340123072E2A942996C8F8043082
:1088C00000F3E08108F10808169B179A01361C4452
:1088D000072EC8E90023CDE9296400F3E08108F1FF
:1088E0000808DDE9140100220023F7F79BFE0028A9
:1088F00040F07481129B0136013B01351C44072E68
:10890000C8F800502996C8F804302A9400F3598119
:1089100008F108081A9BC8F8043001361C44072ED9
:1089200024ABCDE92964C8F800307FF739AD0C9944
:108930000A9828AA05F0ECFC00287FF4BAAC2A9C1F
:108940000DF1AC082EE5B9F1100FDDE929212BDD81
:10895000CDE91D3B1F96DDF828B04E461024A946F0
:108960000C9D04E0103E102E08F1080817DD0132BE
:108970001F4B1031072AC8E90034CDE92921F1DD68
:1089800028AA294658460DF1AC0805F0C1FC00287C
:108990007FF48FAC103E102EDDE92921E7DCDDE904
:1089A0001D3B4D46B1461F9EC8F80490013209EBAD
:1089B0000104072A0E49C8F80010CDE9292400F364
:1089C000FF839DF8832008F10808A8E40C990A9811
:1089D0001D9328AA05F09CFC00287FF46AAC2A9C11
:1089E0001D9B0DF1AC08ADE41C0C0108300C010816
:1089F000200C01080C990A9828AA05F089FC002887
:108A00007FF457AC2A9C0DF1AC08ADE4102D299BE6
:108A100021DD0A9FDDF83090102604E0103D102D76
:108A200008F1080817DD0133B04A1034072BC8E9F4
:108A30000026CDE92934F1DD28AA494638460DF152
:108A4000AC0805F065FC00287FF433AC103D102D18
:108A5000DDE92934E7DC0133A44AC8F804502C448A
:108A6000072BCDE92934C8F800207FF7A3AC0C9977
:108A70000A9828AA05F04CFC00287FF41AAC2A9C1E
:108A800098E42299002940F36683DDF84090129B18
:108A90009945A8BF9946B9F1000F0BDD299B013319
:108AA0004C44072BC8E900592A94299300F32F85D9
:108AB00008F10808109EB9F1000FA8BFA6EB09063F
:108AC000002E00F33882DDF840B07805AB4400F1A9
:108AD0006682229B129A934202DBF90740F18E8450
:108AE000169A17991444C8E90012299A2A94013257
:108AF000072A299200F3188508F10808129AAE187F
:108B0000A6EB0B06D51AAE42A8BF2E46002E0DDDF1
:108B1000299BC8F800B001333444072BC8F804601F
:108B20002A94299300F31A8608F10808002EA8BF9A
:108B3000AD1B002D7FF736AC102D299BDFF8B091CF
:108B400040F36E8349462246B946DDF828B00C9CB6
:108B500010260F4605E008F10808103D102D40F3DF
:108B60005B8301331032072BC8E90076CDE9293247
:108B7000F1DD28AA2146584605F0CAFB00287FF4FB
:108B800098ABDDE929320DF1AC08E6E7079B002B35
:108B90007FF41EAB5F46002307930B9354ADFFF7A2
:108BA0001FBBFA073FF581AE299EC8F80050013679
:108BB00001340123072E2A942996C8F804307FF740
:108BC000A7AE0C990A9828AA05F0A2FB00287FF40A
:108BD00070ABDDE929640DF1AC089BE6129B5D1ECC
:108BE000002D7FF797AE102DDFF8049140F39683A8
:108BF000224607970A9C0C9F4FF0100B05E008F1E6
:108C00000808103D102D40F3878301361032072EDF
:108C1000C8E9009BCDE92962F1DD28AA3946204642
:108C200005F076FB00287FF444ABDDE929620DF105
:108C3000AC08E6E70C990A9828AA05F069FB002819
:108C40007FF437AB2A9C0DF1AC08FFF799BB1BF002
:108C5000100340F028811BF0400200F079830E9A47
:108C600052F8044B0E929946A4B20123FFF7DEBAE4
:108C70002D2364428DF8833069EB4909BB460123FB
:108C8000FFF7D7BA0C990A9828AA05F041FB0028EB
:108C90007FF40FABDDE929640DF1AC0814E60C9903
:108CA0000A9828AA05F034FB00287FF402ABDDE91E
:108CB00029640DF1AC0814E6FD077FF573AB28E5D8
:108CC0009AF800600E93FFF7D3B954ADFFF788BA56
:108CD000B80500F1A6834FEAE4794B46FFF766BA80
:108CE0000E9B53F8044B0E93FFF79DBA200C01081E
:108CF000300C0108DDE9140102460B46F8F7F2FCDE
:108D0000002840F00F86612E00F04585412E00F0CE
:108D10006D84079B013326F02003069300F0A9839E
:108D2000472B00F08885DDE9141247F480730F9318
:108D30001346002BC0F292850B9300231D938B46A4
:108D40000D93069B462B00F0FD83452B00F04485D8
:108D50000799019126A9049123A9039122A90291BF
:108D600002210B9B0A9800915A4602F009FD069BCE
:108D7000472B054640F0318617F0010FB9460F9F8B
:108D800040F0FC84269B5B1B1293069B472B00F054
:108D90008283069B462B00F01284229B1093109B2B
:108DA000069A013B412A229300F0AD85F2B20021E0
:108DB000002BB8BF109B8DF89020BABFC3F1010300
:108DC0002D222B22092B8DF8912040F38D850DF15A
:108DD0009F04B64F2246104687FB0321DA17C2EBE9
:108DE000A10202EB8201A3EB4101303100F8011C2A
:108DF00019466329134600F1FF32ECDC3033D9B257
:108E0000831E9C4202F8011C40F2F18513460DF1CD
:108E1000920201E013F8011B02F8011B9C42F9D1F8
:108E20000DF1A1030DF192021B1A134424AA9B1AFF
:108E30001A93129B1A9A012B1A440B9240F39E85A7
:108E40000B9B169A13440B930B9A002329F480670B
:108E500022EAE27247F480770F93069213931093FD
:108E60001D9B002B40F03F839DF883200793FFF765
:108E7000C5B9199B002B3FF482A9199B1B78002BC5
:108E80003FF47DA99AF8006047F48067FFF7F0B8D7
:108E90000E9B089853F8041B0E93C217C1E90002F9
:108EA0005546FFF79DBA0E9B53F8044B0E930123D2
:108EB000FFF7BCB97E4B189317F0200900F0EC8047
:108EC0000E9B073323F00703D3F8049053F8084BA5
:108ED0000E93F80709D554EA090306D030238DF81C
:108EE000856047F002078DF8843027F4806B0223F9
:108EF000FFF79CB9BB46FFF725BB6E4B1893DBE72A
:108F00000C990A9828AA05F003FA00287FF4D1A941
:108F10002A9C0DF1AC080AE40A98402104F068F894
:108F20000C9B18601861002800F065850C9A40239E
:108F30005361FFF766B8102E299BDFF87C9140F350
:108F40002982484642462146A846B9460A9C0C9DBD
:108F50004FF0100B074604E00832103E102E40F38D
:108F6000138201331031072BC2E9007BCDE929318F
:108F7000F2DD28AA2946204605F0CAF900287FF428
:108F800098A9DDE929312BAAE7E72846CDF81C90FE
:108F90000E94F8F7D5F803460B90FFF7B3BA129B7F
:108FA000CDF82CA04246DDF84C801097EB180793C3
:108FB0005E46199FDDF87090DDF828A0DDF830B02E
:108FC0000F9B13952146B8F1000F2FD0002B30D105
:108FD000013F08F1FF381B9BC2E90039299B01338F
:108FE0004944072B2A91299368DC0832079B38787B
:108FF0009B1B8342A8BF0346002B1C460BDD299810
:10900000013019440728C2E900632A91299000F32E
:10901000148138780832002CACBF051B0546002DA2
:109020000BDC06440F9BB8F1000FCFD1002B00F0F2
:1090300023820F9B013B0F93CDE7102D29981DDD57
:10904000102404E0103D102D02F1080216DD01305D
:10905000194B10310728C2E90034CDE92901F1DDAF
:1090600028AA5946504605F053F900287FF421A953
:10907000103D102DDDE929012BAAE8DC01300E4B53
:10908000556029440728CDE92901136000F3328295
:10909000387808320644C5E717F0100300F0A180C5
:1090A0000E9B53F8044B0E9313E700BF676666668A
:1090B000EC0B0108000C0108300C010828AA5946E5
:1090C000504605F025F900287FF4F3A82A992BAA29
:1090D0008CE70BF4806300220696CDF82CA0CDF827
:1090E000348054AFDDF8648016469A460CE00023C5
:1090F000204649460A22F7F7BBFD0A2C79F1000306
:109100001BD3044689462F4620460A22002349469F
:10911000F7F7AEFD30327D1E013607F8012CBAF1AB
:10912000000FE4D098F800309E42E0D1FF2EDED050
:109130000A2C79F1000380F0408154AB5B1BDDF811
:109140002CA0CDF864801296DDF83480069E0B9337
:109150005F46FFF745B8299BBC4AC8F80020013399
:1091600001340122072B2A942993C8F8042000F324
:10917000388108F10808002940F09780129A07F01A
:10918000010313433FF40EA9169B17991A19C8E956
:109190000013299B2A920133072B299300F347815F
:1091A00008F108081299C8F8005001338C18072BF1
:1091B000CDE92934C8F804107FF7F2A8FFF7B7BB50
:1091C0000C990A981D9328AA05F0A2F800287FF4AC
:1091D00070A89DF883202A9C1D9B0DF1AC08FFF719
:1091E0009EB817F0400200F0C2800E9A52F8044B6D
:1091F0000E929946A4B26CE6BB46FEF7E4BF0C990A
:109200000A9828AA05F084F800287FF452A82A9C1E
:109210000DF1AC08FFF778BA14463A464F4691462E
:1092200001332C44072BC8F80090C8F80450CDE94E
:1092300029347FF7B5A8FFF77ABB28AA59465046CC
:1092400005F066F800287FF434A838782A992BAA0C
:10925000E1E60C990A9828AA05F05AF800287FF44C
:1092600028A82A9C0DF1AC08FFF782B8012BBB4659
:109270007FF4F3A9FEF7ACBF0E9B089953F8042BBB
:10928000554611600E93FFF7ABB8062B294628BF51
:10929000062307950D952A4606936D4D0E940B9364
:1092A0000F9113911091FEF7A9BF169B17981A19E9
:1092B000C8E90003299B2A920133072B299300F365
:1092C000B68008F108080029BFF66CAF4E42103195
:1092D000DFF8809180F297824146DDF828B0A846F9
:1092E00010240C9D04E00831103E102E40F38982BA
:1092F00001331032072BC1E90094CDE92932F2DDA8
:1093000028AA2946584605F003F800287EF4D1AF74
:10931000DDE929322BA9E7E7079F144601362C44E3
:10932000072ECDE92964C8F80090C8F804507FF7EB
:10933000EFAA46E40E9B17F4007914BF53F8044BD0
:1093400053F8044B0E931CBF9146E4B2FEF76BBF7B
:109350000E9B1BF4007914BF53F8044B53F8044BD5
:109360000E931CBF9146E4B20123FEF75FBF0E9B34
:1093700017F4007914BF53F8044B53F8044B0E93C1
:109380001CBF9146E4B2A4E5454690463A460C46D9
:109390004F46914601333444072BCDE92934C8F8B0
:1093A0000090C8F8046057DC08F10808FFF78BBB91
:1093B0002D228DF88320FFF750B81C9B1B99ED1AC6
:1093C0001A46284604F072FF98F801300BB108F1F4
:1093D0000108204649460A2200230026F7F748FCE8
:1093E0008FE60C990A9828AA04F092FF00287EF4D0
:1093F00060AF22992A9C0DF1AC08BCE6129AAE1817
:10940000A6EB0B06D51AAE42A8BF2E46FFF78EBBC1
:109410000E9B089953F8042B0E9311805546FEF7C6
:10942000DFBF44F3C0194B4664B2FEF7BFBE0C99D0
:109430000A9828AA04F06CFF00287EF43AAFDDE910
:10944000293222990DF1AC083DE700BF1C0C010840
:10945000140C0108300C01080C990A9828AA04F091
:1094600057FF00287EF425AF2A9C0DF1AC08FFF7CA
:109470002ABB0623079356E4DDE91235EB189E421A
:109480001997B346DDF82CA0109F90460C4628BFD4
:109490009B46FFF71EBB229B1093DA1C02DB079A48
:1094A000934204DD023E26F02003069377E4109BEE
:1094B000129A9342C0F2488119F0010F00F0118214
:1094C000169A13440B9319F4806F03D0109B002B52
:1094D00000F3C7810B9B23EAE373069367260023FF
:1094E0000F931393BCE42D2200238DF88320079360
:1094F000FEF786BE28AA5946504604F009FF002808
:109500007EF4D7AE38782A992BAA06448AE50C99BE
:109510000A9828AA04F0FCFE00287EF4CAAE2A9C11
:109520000DF1AC08FFF7C6BA0C990A9828AA04F006
:10953000EFFE00287EF4BDAE229B2A9C0DF1AC0804
:10954000FFF7DCBA0799019126A9049123A9039199
:1095500022A9029103210B9B0A9800915A4602F01E
:109560000FF90378302B054600F0F181229B079A12
:10957000B94613440F9FEC180B995846002200235C
:10958000F7F750F810B12346FFF7FDBB269BA34227
:10959000BFF4F9AB30215A1C26921970269B9C42CD
:1095A000F9D8FFF7F0BB079B9DF883200E94069334
:1095B0000B9307900F9013901090FEF71FBE229A06
:1095C0001092002A40F3E081079909F001030B4350
:1095D00040F0B781109B0B93662619F4806F40F022
:1095E00041810B9B23EAE373069378E730238DF8E0
:1095F000843058238DF88530079B632B47F0020495
:1096000000F3BF8000230D933BADDDE9141247F456
:1096100081730F931346002B2746C0F285800B936E
:1096200026F02003069300238B461D93612E00F045
:109630004081412E7FF485AB22AA0B99584604F055
:10964000A5FD00224FF07F53F7F73AFE02460B4686
:10965000CDE9102300220023F6F7E4FF08B101232F
:109660002293AC4B0B93079BCDE912A6CDE91E7854
:10967000DDF82CA0DDE9106703F1FF39AB4610954A
:1096800006E00022002309F1FF39F6F7CBFFE8B925
:10969000A14B002230463946F7F712FE0F46064628
:1096A000F8F736F80446F6F7FDFE0B460246394653
:1096B0003046F6F7A9FD1AF80430B9F1FF3FD84655
:1096C0004D460BF8013B06460F46DAD13046394687
:1096D000924BDDF848A0139ECDF848800022A946A1
:1096E000DDF87C80109D1E9FCDE91001F6F7C2FFCA
:1096F000002855D1DDE91001884B0022F6F792FFD2
:1097000008B1E1074CD44B46002B06DB01335B4428
:1097100030220BF8012B5B45FBD1ABEB0503B946BF
:1097200012930F9FFFF731BB26F020030693DDE96C
:1097300014349B4604F100430B932D231D9375E7CE
:1097400000230793FEF796BC129B169A9A18109B5B
:109750000B92002B40F3098167263EE70C990A988B
:1097600028AA04F0D5FD00287EF4A3AD229D129B0B
:109770002A9C5D1B0DF1AC08FFF7D8B9079BEC18CC
:10978000FAE60A98591C03F033FC0546002800F05D
:1097900026810D9039E730238DF88430782329E72E
:1097A000129B26930B9B1BF8012CD97B8A425B46AC
:1097B00009D1302003F8010C269B5A1E269213F87B
:1097C000012C9142F6D0392A0BBF0B9A0132927AC2
:1097D000D2B203F8012CA0E707990B9B0A984C1C06
:1097E00026A9049123A9039122A9029102215A4694
:1097F0000194009101F0C4FF0546B9462C440F9F27
:10980000BAE64546884601333244072BCDE9293272
:10981000C8F80090C8F804607FF7C2AC0C990A98A9
:1098200028AA04F075FD00287EF443ADDDE9293255
:109830000DF1AC08B6E4079B002B08BF012307938A
:1098400047F480730F93159B002BC0F2B180DDF8B5
:1098500050B00D900B931D90FFF77ABA00230D9333
:1098600065E7672619990B78FF2B00F0B28000247A
:10987000109A204603E001300131FF2B08D09342BB
:1098800006DAD21A4B78002BF5D10B780134F4E7C5
:109890001991109213900F940F9A139B1C991344D3
:1098A0000B9A01FB03230B9323EAE3730693FFF761
:1098B000D7BA22AA0B99584604F068FC00224FF050
:1098C0007F53F7F7FDFC02460B46CDE9102300223B
:1098D0000023F6F7A7FE08B101232293104B0B9348
:1098E000C1E6109B0B93EEE5002963D130228DF881
:1098F00092200DF19302303302F8013B24ABD31ACE
:109900001A93FFF796BA06F10F02D2B20121FFF7C0
:109910004FBA00BF000C0108000030400000E03FDB
:10992000EC0B0108159B384D002BB4BF2D229DF880
:109930008320364BB8BF8DF8832027F08007FEF7D1
:1099400090BD169BD31819440B91662645E60B99DA
:10995000584600220023F6F765FE00287FF406AE85
:10996000079BC3F10103229301E6C3F101031A44EB
:1099700022EAE2730B9206936726B0E519F0010F15
:109980003FF462AAFFF75CBA079A09F0010959EAA5
:10999000020304D10123069366260B939FE5169BD1
:1099A00001331A4422EAE2730B920693662696E587
:1099B0000D90BCE60DF192029DE70E9B9AF80160B6
:1099C000924653F8042B0E9342EAE2720792FEF796
:1099D0004FBB00230F9313935EE7079C0DE70C9991
:1099E0008B8943F0400213468A81FEF76ABC02234A
:1099F0001A93FFF71EBA0A9A0C2313604FF0FF3335
:109A00000893FEF765BC00BFE40B0108E80B0108F2
:109A10002DE9F04FD5B01C460791914605460990B7
:109A200003F06AFA0268179210460E94F7F788FB63
:109A300016901DB1AB6B002B00F02A82079A536E73
:109A4000DD0740F13881B2F90C2091B28F0409D4BE
:109A5000079B42F400529A8191B21A465B6E23F43E
:109A6000005353660E0740F1CB80079B1B69002B08
:109A700000F0C68001F01A030A2B00F0CF8000240A
:109A80002BAB4D46CDE92944CDE91944CDE91B4422
:109A9000129428939846189400230B940024CDE93F
:109AA00014342B78002B00F09D81AA4604E01AF8AC
:109AB000013F002B00F0C780252BF8D1BAEB05063B
:109AC00040F0C5809AF80030002B00F08B81002315
:109AD0004FF0FF329AF801608DF883300A930AF153
:109AE000010A08921F462B244FF020090AF1010AAF
:109AF000A6F120035A2B00F2ED80DFE813F0EB0211
:109B0000EB00EB00E602EB00EB00EB006A00EB0081
:109B1000EB005C028002EB0067028A02EB00850228
:109B20005B005B005B005B005B005B005B005B005D
:109B30005B00EB00EB00EB00EB00EB00EB00EB005D
:109B40007A01EB00F801D2017A017A017A01EB0087
:109B5000EB00EB00EB00E102EB00EB002D02EB0071
:109B6000EB00EB000202EB00A402EB00EB0083072A
:109B7000EB00EB00EB00EB00EB00EB00EB00EB008D
:109B80007A01EB00F801D4017A017A017A01C70267
:109B9000D401CD01EB00D402EB006C022F02B50220
:109BA000CD01EB0002027E008007EB00EB006107B5
:109BB000EB007E00A6F1300300221AF8016B02EBE5
:109BC000820203EB4202A6F13003092BF5D90A9277
:109BD0008EE7DDF824B0584603F08EF943681B93F6
:109BE0001846F7F7ADFA1C900646584603F084F97C
:109BF00083681993002E40F0CD869AF8006075E7CF
:109C0000079D0998294601F0ADFC002841F01C830E
:109C1000A98901F01A030A2B7FF431AF079AB2F930
:109C20000E30002BFFF62BAF536ED80702D48905F8
:109C300041F13B810799099823464A4655B0BDE852
:109C4000F04F01F04FBCBAEB050600F0CB802A9B29
:109C500033442A93299B0133072BC8E900562993E3
:109C600005DC08F108080B9B33440B932AE707999E
:109C7000099828AA04F004FC80B90DF1AC08F2E7B9
:109C80000799099828AA04F0FBFB002800F09B80A4
:109C90000D9B1BB10998194602F090FE079A536E6E
:109CA000D90740F1EA8093895B0601F1D9820B98CC
:109CB00055B0BDE8F08F079BB3F90C20900591B229
:109CC0003FF5C4AE1D46986D03F01EF9B5F90C20A2
:109CD00091B2BBE6002E00F0858000228DF8EC608A
:109CE0008DF883200123CDE90C32069308920F9260
:109CF000139210923BAD17F0020302D00699023185
:109D0000069117F0840B07D10A990698A1EB000978
:109D1000B9F1000F00F370832A9C8AB1299A0DF1E2
:109D2000830101320134C8F80010072A4FF0010105
:109D30002A942992C8F8041000F3B68308F10808A1
:109D400083B1299B21AA01330234C8F80020072BD4
:109D50004FF002022A942993C8F8042000F3B2833A
:109D600008F10808BBF1800F00F06982089B0C9A8B
:109D7000A3EB020BBBF1000F00F3AA82FB0500F17D
:109D800000820C9BC8F804301C44299BC8F8005082
:109D90000133072B2A94299300F3228308F1080842
:109DA000780705D50A9B069A9D1A002D00F3968325
:109DB000DDE90A2306998A42ACBF9B185B180B9316
:109DC000002C7FF45DAF002329930D9B1BB10D99EF
:109DD000099802F0F3FD0DF1AC0855462B78002BE5
:109DE0007FF463AE2A9B002B41F0D381002329939B
:109DF00054E70E9B073323F00702F2E80234CDE963
:109E00001434DDE9143424F000440E9299461846C7
:109E10002146B54B4FF0FF32F7F764FC002840F0C5
:109E2000EF84B14B484621464FF0FF32F6F70EFC67
:109E3000002840F0E584DDE9140100220023F6F754
:109E4000FBFB002840F067879DF88320A74DA84BB7
:109E500027F080070321472EC8BF1D4600230D931E
:109E600006910C9108930F9313931093002A3FF4DB
:109E700042AF069B013306933DE7079B9B899A05FA
:109E80003FF512AF079CA06D03F040F8A3890BE7E4
:109E9000099802F09BFCD1E59AF8006047F0200792
:109EA00024E647F01007BA060E9B40F13B840733C7
:109EB00023F007031A465B6852F8084B0E92994646
:109EC000002BC0F24C84089B013300F0D88254EA86
:109ED000090327F0800B40F0D382089B002B40F051
:109EE000D4825F46002308930C9354AD1DE10E9B72
:109EF000002253F8041B8DF883208DF8EC100E938C
:109F0000F0E60E9C089B54F8045B4FF000098DF8B6
:109F10008390002D00F093855A1C00F051861A465C
:109F200049462846F7F77CF90D90002801F00E818C
:109F30000D9BCDF820905B1B0C930E9423EAE373EA
:109F40009DF883200693CDF83490CDF83C90CDF861
:109F50004C90CDF8409089E747F0100717F02009A2
:109F600000F0D2830E9B073323F00703D3F804904D
:109F700053F8084B0E9327F4806B002300228DF8D2
:109F80008320089A511C00F0B88054EA09012BF094
:109F9000800740F0B180002A40F0F685002BA1D167
:109FA0001BF001030C9300F0148430238DF84F3123
:109FB0000DF24F15B9E00E9B53F8042B0A92002ABC
:109FC00080F2DA830A9A0E9352420A929AF800605B
:109FD00047F004078AE5BD0600F1D184FC0600F1D4
:109FE000D885780600F1A586B90540F1D2850E9B8B
:109FF0000B9953F8042B0E9311705546EEE69AF820
:10A0000000608DF8834071E59AF8006047F08007A2
:10A010006CE5524612F8016B2A2E01F03F82A6F140
:10A020003003092B924698BF002201F2BC801AF837
:10A03000016B02EB820203EB4202A6F13003092B13
:10A04000F5D9089254E547F0100B1BF0200900F0F9
:10A0500076830E9B073323F00703D3F8049053F85D
:10A06000084B0E93012389E70E9B53F8044B0E9384
:10A07000302378268DF884301E4B189347F0020B5E
:10A080008DF885604FF00009022377E79AF80060A9
:10A09000682E03BF9AF8016047F400770AF1010ABD
:10A0A00047F0400722E59AF800606C2E03BF9AF84B
:10A0B000016047F020070AF1010A47F0100715E593
:10A0C0009AF8006047F0080710E59AF8006047F03A
:10A0D00001070BE59DF88330002B7FF48EAD9AF8D5
:10A0E00000608DF8839001E5FFFFEF7FDC0B010836
:10A0F000E00B0108EC0B0108BB46012B00F0C0810E
:10A10000022B54AD20D1189A04F00F032409D35C1C
:10A1100005F8013D44EA09744FEA191954EA0903A4
:10A12000F2D154AB5B1B5F460C9308990C989DF8D9
:10A13000832081424FF00003B8BF01460D93069182
:10A140000F931393109391E604F00703E40844EA95
:10A1500049744FEAD909303354EA09012A4605F80F
:10A16000013DF1D11BF0010FDBD0302BD9D03023D2
:10A17000023A05F8013C54AB9B1A5F460C93154616
:10A18000D3E7652E40F3E680DDE9140100220023C9
:10A19000F6F748FA002800F0DC81299BBF4AC8F88E
:10A1A0000020013301340122072B2A942993C8F897
:10A1B000042000F3CC8408F10808229B129A9342F1
:10A1C00080F2D682169B179A1C44C8E90023299B6B
:10A1D0002A940133072B299300F3248408F10808FB
:10A1E000129B5D1E002D7FF7DBAD102D299BDFF844
:10A1F000B09240F3BD8449462246B946DDF824B00A
:10A20000079C10260F4605E008F10808103D102DA8
:10A2100040F3AA8401331032072BC8E90076CDE958
:10A220002932F1DD28AA2146584604F029F90028F0
:10A230007FF42EADDDE929320DF1AC08E6E70A9B8B
:10A24000069AA3EB020BBBF1000F7FF78FADBBF1BA
:10A25000100F299ADFF848922CDD1D9621464E46B4
:10A26000079CDDF82490102306E0ABF1100BBBF146
:10A27000100F08F108081ADD01321031072AC8E969
:10A280000063CDE92921F0DD28AA214648460DF1D9
:10A29000AC0804F0F5F800287FF4FAACABF1100B31
:10A2A000BBF1100FDDE929214FF01003E4DCB146CA
:10A2B0001D9E0C4601325C44072ACDE92924C8F8CA
:10A2C0000090C8F804B000F3A08308F108084DE539
:10A2D000BBF1100F299ADFF8C8912DDD20464146C9
:10A2E0004C46A846DDF82490079D102306E0ABF10C
:10A2F000100BBBF1100F01F1080119DD0132103014
:10A30000072AC1E90043CDE92920F0DD28AA294622
:10A31000484604F0B5F800287FF4BAACABF1100B56
:10A32000BBF1100FDDE929202BA94FF01003E5DC6C
:10A330004546A1468846044601325C44072ACDE9D9
:10A340002924C8F80090C8F804B000F3D08108F1BF
:10A35000080813E5129B012B40F38081299EC8F861
:10A360000050013601340123072E2A942996C8F89B
:10A37000043000F37C8308F10808169B179A013615
:10A380001C44072EC8E90023CDE9296400F37C832F
:10A3900008F10808DDE9140100220023F6F742F96C
:10A3A000002840F07881129B0136013B01351C44A6
:10A3B000072EC8F800502996C8F804302A9400F3F4
:10A3C0005D8108F108081A9BC8F8043001361C4466
:10A3D000072E24ABCDE92964C8F800307FF7DEAC46
:10A3E0000799099828AA04F04BF800287FF450AC8C
:10A3F0002A9C0DF1AC08D3E4B9F1100FDDE9292155
:10A400002BDDCDE91D3B1F96DDF824B04E46102410
:10A41000A946079D04E0103E102E08F1080817DD3C
:10A420000132204B1031072AC8E90034CDE9292137
:10A43000F1DD28AA294658460DF1AC0804F020F8B1
:10A4400000287FF425AC103E102EDDE92921E7DC41
:10A45000DDE91D3B4D46B1461F9EC8F80490013210
:10A4600009EB0104072A0F49C8F80010CDE9292497
:10A4700000F351839DF8832008F108084DE4BB46A2
:10A480000A2C79F1000380F00C83303401238DF81D
:10A490004F415F460C930DF24F1546E61C0C010828
:10A4A000500C0108400C0108079909981D9328AA2F
:10A4B00003F0E6FF00287FF4EBAB2A9C1D9B0DF117
:10A4C000AC083DE40799099828AA03F0D9FF0028B1
:10A4D0007FF4DEAB2A9C0DF1AC0843E4102D299BE0
:10A4E00021DD099FDDF81C90102604E0103D102DA1
:10A4F00008F1080817DD0133BB4A1034072BC8E9FF
:10A500000026CDE92934F1DD28AA494638460DF167
:10A51000AC0803F0B5FF00287FF4BAAB103D102D56
:10A52000DDE92934E7DC0133AF4AC8F804502C4494
:10A53000072BCDE92934C8F800207FF739AC0799FB
:10A54000099828AA03F09CFF00287FF4A1AB2A9C5D
:10A550002EE42299002940F31481DDF84090129BEB
:10A560009945A8BF9946B9F1000F0BDD299B01332E
:10A570004C44072BC8E900592A94299300F39A8583
:10A5800008F10808109EB9F1000FA8BFA6EB090654
:10A59000002E00F34683DDF840B07905AB4400F1AE
:10A5A000CE84229B129A934202DBFA0740F1B883D1
:10A5B000169A17991444C8E90012299A2A9401326C
:10A5C000072A299200F3838508F10808129AAE1829
:10A5D000A6EB0B06D51AAE42A8BF2E46002E0DDD07
:10A5E000299BC8F800B001333444072BC8F8046035
:10A5F0002A94299300F3F18508F10808002EA8BFDA
:10A60000AD1B002D7FF7CCAB102D299BDFF8DC9123
:10A6100040F3AE8249462246B946DDF824B0079C95
:10A6200010260F4605E008F10808103D102D40F3F4
:10A630009B8201331032072BC8E90076CDE929321D
:10A64000F1DD28AA2146584603F01AFF00287FF4BE
:10A650001FABDDE929320DF1AC08E6E7FE073FF557
:10A660007DAE299EC8F80050013601340123072E23
:10A670002A942996C8F804307FF7A3AE0799099861
:10A6800028AA03F0FDFE00287FF402ABDDE929646F
:10A690000DF1AC0897E6129B5D1E002D7FF793AE7F
:10A6A000102DDFF8489140F37F8222460897099CDD
:10A6B000079F4FF0100B05E008F10808103D102D22
:10A6C00040F3708201361032072EC8E9009BCDE9B5
:10A6D0002962F1DD28AA3946204603F0D1FE002880
:10A6E0007FF4D6AADDE929620DF1AC08E6E7079907
:10A6F000099828AA03F0C4FE00287FF4C9AA2A9C5E
:10A700000DF1AC08FFF73ABB17F0100372D117F048
:10A71000400200F0BD820E9A52F8044B0E92994608
:10A72000A4B228E453F8044B0E93FB0656D47D06DE
:10A7300051D544F3C0394B4624B2FFF7C1BB1BF0DF
:10A74000100340F036811BF0400200F092820E9A16
:10A7500052F8044B0E929946A4B201230EE42D2325
:10A7600064428DF8833069EB4909BB46012308E454
:10A77000F8077FF515AB25E59AF800600E93FFF713
:10A78000B5B9299B1A4AC8F80020013301340122C7
:10A79000072B2A942993C8F8042000F3708408F149
:10A7A0000808002940F01E82129A07F001031343A3
:10A7B0003FF4F6AA169B1799E218C8E90013299BE3
:10A7C0002A920133072B299300F3618308F10808CB
:10A7D00019E254ADA9E4B80500F1B4824FEAE47976
:10A7E0004B46FFF76DBB00BF400C0108500C010841
:10A7F0001C0C01080E9B53F8044B0E93FFF7BBBBD8
:10A80000DDE9140102460B46F6F76CFF002840F024
:10A81000A085612E00F05085412E00F09982089BA2
:10A82000013326F02003069300F08F85472B00F0BC
:10A830007985DDE9141247F480730F931346002BDA
:10A84000C0F2ED850C9300231D938B460D93069B60
:10A85000462B00F04A84452B00F04F850899019162
:10A8600026A9049123A9039122A9029102210C9BFC
:10A87000099800915A4600F083FF069B472B054636
:10A8800040F01C8617F0010FB9460F9F40F0D984A5
:10A89000269B5B1B1293069B472B00F01883069B9D
:10A8A000462B00F05F84229B1093109B069A013B7D
:10A8B000412A229300F0AA85F2B20021002BB8BFF2
:10A8C000109B8DF89020BABFC3F101032D222B22DB
:10A8D000092B8DF8912040F363850DF19F04BD4F46
:10A8E0002246104687FB0321DA17C2EBA10202EBD6
:10A8F0008201A3EB4101303100F8011C19466329A4
:10A90000134600F1FF32ECDC3033D9B2831E9C4297
:10A9100002F8011C40F2CE8513460DF1920201E0CF
:10A9200013F8011B02F8011B9C42F9D10DF1A103A0
:10A930000DF192021B1A134424AA9B1A1A93129B1C
:10A940001A9A012B1A440C9240F372850C9B169AAA
:10A9500013440C930C9A002329F4806722EAE272D4
:10A9600047F480770F930692139310931D9B002B4F
:10A9700040F0DE829DF883200893FFF777BA0E9BA4
:10A980000B9853F8041B0E93C217C1E900025546F9
:10A99000FFF724BA199B002B3FF42FA9199B1B78B2
:10A9A000002B3FF42AA99AF8006047F48067FFF76C
:10A9B0009DB80E9B53F8044B0E930123FFF7DEBAAC
:10A9C000854B189317F0200949D00E9B073323F0CD
:10A9D0000703D3F8049053F8084B0E93F80709D5F2
:10A9E00054EA090306D030238DF8856047F002074A
:10A9F0008DF8843027F4806B0223FFF7BFBABB4683
:10AA0000FFF723BB754B1893DCE70799099828AA31
:10AA100003F036FD00287FF43BA92A9C0DF1AC0819
:10AA2000FFF7A4B90799099828AA03F029FD00287F
:10AA30007FF42EA92A9C0DF1AC08FFF7D1BB062BA1
:10AA4000294628BF062308950D952A460693644D8E
:10AA50000E940C930F9113911091FFF707BA17F012
:10AA6000100369D00E9B53F8044B0E93B6E7079979
:10AA7000099828AA03F004FD00287FF409A9DDE95C
:10AA800029640DF1AC0878E40799099828AA03F025
:10AA9000F7FC00287FF4FCA8DDE929640DF1AC087F
:10AAA00078E40BF480630022CDE90CA80696DDF86B
:10AAB000648054AF16469A460CE00023204649466F
:10AAC0000A22F6F7D5F80A2C79F100031BD30446C5
:10AAD00089462F4620460A2200234946F6F7C8F841
:10AAE00030327D1E013607F8012CBAF1000FE4D098
:10AAF00098F800309E42E0D1FF2EDED00A2C79F18A
:10AB0000000380F0F480CDF864801296DDE90CA893
:10AB1000069EFFF706BB079909981D9328AA03F024
:10AB2000AFFC00287FF4B4A89DF883202A9C1D9BCD
:10AB30000DF1AC08FFF7F1B817F0400200F0B68055
:10AB40000E9A52F8044B0E929946A4B246E7079922
:10AB5000099828AA03F094FC00287FF499A82A9C5D
:10AB60000DF1AC08FFF729BB14463A464F46914613
:10AB700001332C44072BC8F80090C8F80450CDE9E5
:10AB800029347FF70BA92BE4012BBB467FF4B8AA2D
:10AB90007BE40E9B0B9953F8042B554611600E93E2
:10ABA000FFF71CB9089F144601362C44072ECDE947
:10ABB0002964C8F80090C8F804507FF702AC5DE53E
:10ABC0002846CDF820900E94F6F7BAFA03460C907A
:10ABD000FFF7B4B967666666EC0B0108000C010864
:10ABE000140C0108169B1798E218C8E90003299B6A
:10ABF0002A920133072B299300F3498108F10808B1
:10AC00000029C0F2FA821299C8F8005001338C185A
:10AC1000072BCDE92934C8F804107FF7BFA8FFF748
:10AC2000DFBB102E299BDFF8C09252DD484621463B
:10AC30004246B946A846099C079D4FF0100B0746AF
:10AC400003E00832103E102E3DDD01331031072B9A
:10AC5000C2E9007BCDE92931F3DD28AA2946204647
:10AC600003F00EFC00287FF413A8DDE929312BAA9C
:10AC7000E8E70E9B1BF4007914BF53F8044B53F81C
:10AC8000044B0E931CBF9146E4B20123FFF776B943
:10AC90000E9B17F4007914BF53F8044B53F8044B80
:10ACA0000E931CBF9146E4B2FFF765B90E9B17F4F3
:10ACB000007914BF53F8044B53F8044B0E931CBF98
:10ACC0009146E4B28AE6454690463A460C464F46DF
:10ACD000914601333444072BCDE92934C8F800905C
:10ACE000C8F8046000F3E68008F1080853E41C9BF0
:10ACF0001B99ED1A1A46284603F0D8FA98F8013045
:10AD00000BB108F10108204649460A22002300261B
:10AD1000F5F7AEFFDBE62D228DF88320FFF796B81E
:10AD2000129AAE18A6EB0B06D51AAE42A8BF2E4655
:10AD300064E40E9B0B9953F8042B0E931180554637
:10AD4000FFF74CB844F3C0194B4664B2FFF7B8B8EC
:10AD500030238DF8843058238DF88530089B632B81
:10AD600047F0020400F39B8200230D933BADDDE925
:10AD7000141247F481730F931346002B2746C0F239
:10AD800020820C9326F02003069300238B461D930C
:10AD9000612E00F0ED82412E7FF459AD22AA0C996C
:10ADA000584603F0F3F900224FF07F53F6F788FA84
:10ADB00002460B46CDE9102300220023F5F732FCB2
:10ADC00008B101232293494B0C93089BCDE912A6AD
:10ADD000CDE91E78DDF830A0DDE9106703F1FF3919
:10ADE000AB46109506E00022002309F1FF39F5F784
:10ADF00019FCE8B93E4B002230463946F6F760FAB6
:10AE00000F460646F6F784FC0446F5F74BFB0B4667
:10AE1000024639463046F5F7F7F91AF80430B9F129
:10AE2000FF3FD8464D460BF8013B06460F46DAD1A8
:10AE3000304639462F4BDDF848A0139ECDF84880A8
:10AE40000022A946DDF87C80109D1E9FCDE91001EF
:10AE5000F5F710FC002840F03482DDE91001254BA5
:10AE60000022F5F7DFFB10B1E10700F12A824B4623
:10AE7000002B06DB01335B4430220BF8012B5B45D2
:10AE8000FBD1ABEB0503B94612930F9F03E507997E
:10AE9000099828AA03F0F4FA00287EF4F9AEDDE957
:10AEA000293222990DF1AC08AAE6906D02F02EF835
:10AEB000FEF7C0BE0799099828AA03F0E1FA002816
:10AEC0007EF4E6AE2A9C0DF1AC08FFF764BB229B32
:10AED0001093DA1C02DB089A93420DDD023E26F045
:10AEE00020030693E1E400BF500C0108000C0108A8
:10AEF000000030400000E03F109B129A9342C0F2E5
:10AF0000568119F0010F00F08782169A13440C93B2
:10AF100019F4806F03D0109B002B00F350820C9B20
:10AF200023EAE3730693672600230F9313931DE52B
:10AF30002D2200238DF883200893FEF79ABF129BE1
:10AF4000CDF830A04246DDF84C801097EB180893FE
:10AF50005E46199FDDF87090DDF824A0DDF81CB086
:10AF60000F9B13952146B8F1000F2ED0002B6BD10B
:10AF7000013F08F1FF381B9BC2E90039299B0133CF
:10AF80004944072B2A91299362DC0832089B3878C0
:10AF90009B1B8342A8BF0346002B1C460ADD299851
:10AFA000013019440728C2E900632A9129905ADC2C
:10AFB00038780832002CACBF051B0546002D15DC87
:10AFC00006440F9BB8F1000FD0D1002B3CD1DDE936
:10AFD0001235EB189E421997B346DDF830A0109F4A
:10AFE0000C46904628BF9B46FFF7DBBA102D2998E8
:10AFF0001DDD102404E0103D102D02F1080216DDC5
:10B000000130AC4B10310728C2E90034CDE92901E9
:10B01000F1DD28AA5946504603F032FA00287EF4A2
:10B0200037AE103D102DDDE929012BAAE8DC0130F7
:10B03000A04B556029440728CDE9290113602CDC79
:10B04000387808320644BCE70F9B013B0F9392E728
:10B0500028AA5946504603F013FA00287EF418AE89
:10B060002A992BAA92E728AA5946504603F008FAD3
:10B0700000287EF40DAE38782A992BAA9AE7079912
:10B08000099828AA03F0FCF900287EF401AE229961
:10B090002A9C0DF1AC08FFF784BB28AA59465046FC
:10B0A00003F0EEF900287EF4F3AD38782A992BAA44
:10B0B000064486E70799099828AA03F0E1F90028D1
:10B0C0007EF4E6AD2A9C0DF1AC08FFF75BBA079958
:10B0D000099828AA03F0D4F900287EF4D9AD229B60
:10B0E0002A9C0DF1AC08FFF771BA0899019126A9C5
:10B0F000049123A9039122A9029103210C9B099891
:10B1000000915A4600F03CFB0378302B054600F0D6
:10B110009581229B089AB94613440F9FEC180C990D
:10B12000584600220023F5F77DFA10B12346FFF7B9
:10B13000B0BB269BA342BFF4ACAB30215A1C269275
:10B140001970269B9C42F9D8FFF7A3BB089B9DF87A
:10B1500083200E9406930C9308900F9013901090F8
:10B16000FEF784BE229A1092002A40F3818108994A
:10B1700009F001030B4340F05581109B0C936626A8
:10B1800019F4806F40F01C810C9B23EAE373069353
:10B19000CAE60799099828AA03F072F900283EF434
:10B1A00025AEFEF77BBD00230893FEF7A1BC129BE2
:10B1B000169A9A18109B0C92002B40F34D8167262B
:10B1C000DEE726F020030693DDE914349B4604F104
:10B1D00000430C932D231D93DAE50799099828AABB
:10B1E00003F04EF900287EF453AD229D129B2A9C59
:10B1F0005D1B0DF1AC08FFF701BA4E421031DFF8CC
:10B20000B49034DA4146DDF824B0A8461024079DF6
:10B2100003E00831103E102E27DD01331032072BDA
:10B22000C1E90094CDE92932F3DD28AA2946584620
:10B2300003F026F900287EF42BADDDE929322BA995
:10B24000E8E7089BEC186AE7079B5B6EDD0707D40D
:10B25000079B9B899C0503D4079B986D01F056FEC4
:10B260004FF0FF330B93FEF722BD4546884601336E
:10B270003244072BCDE92932C8F80090C8F80460A1
:10B280007FF7A4AA0799099828AA03F0F9F80028DB
:10B290007EF4FEACDDE929320DF1AC08B3E4099887
:10B2A000591C01F0A5FE0546002800F00D810D9007
:10B2B0005DE500BF500C010830238DF88430782301
:10B2C0004AE5129B26930C9B1BF8012CD97B8A42E2
:10B2D0005B4609D1302003F8010C269B5A1E2692AA
:10B2E00013F8012C9142F6D0392A0BBF0C9A013287
:10B2F000927AD2B203F8012CC3E508990C9B099805
:10B300004C1C26A9049123A9039122A90291022190
:10B310005A460194009100F033FA0546B9462C4490
:10B320000F9FFCE6089B002B08BF0123089347F4FE
:10B3300080730F93159B002BC0F2AE80DDF850B0E8
:10B340001D900C930D90FFF789BA06230893FFF721
:10B3500070BA159B604D002BB4BF2D229DF8832041
:10B360005E4BB8BF8DF8832027F08007FEF772BDD3
:10B3700022AA0C99584602F009FF00224FF07F5391
:10B38000F5F79EFF02460B46CDE91023002200236D
:10B39000F5F748F908B101232293514B0C9314E5BA
:10B3A000002962D130228DF892200DF193023033C2
:10B3B00002F8013B24ABD31A1A93FFF7C0BA6726F1
:10B3C00019990B78FF2B7BD00024109A204603E0BC
:10B3D00001300131FF2B08D0934206DAD21A4B78A4
:10B3E000002BF5D10B780134F4E7199110921390EA
:10B3F0000F940F9A139B1C9913440C9A01FB03237F
:10B400000C9323EAE3730693FFF7B0BA06F10F0239
:10B41000D2B20121FFF752BA109B0C9378E50023BA
:10B420000D93D1E6169BD31819440C916626A7E616
:10B4300019F0010F3FF48EAAFFF788BA0C9958460D
:10B4400000220023F5F7EEF800287FF462AE089B97
:10B45000C3F1010322935DE6C3F101031A4422EA1A
:10B46000E2730C92069367265EE50DF192029EE769
:10B47000089A09F0010959EA020304D1012306934D
:10B4800066260C9350E5169B01331A4422EAE273B8
:10B490000C920693662647E50D9095E60E9B9AF86A
:10B4A0000160924653F8042B0E9342EAE27208922E
:10B4B000FEF71CBB02231A93FFF741BA089C2DE745
:10B4C00000230F93139394E7079A938943F0400363
:10B4D0009381FEF7E3BB00BFE40B0108E80B010812
:10B4E000EC0B0108F0B51F468B89ADF26C4D23F0D3
:10B4F0000203ADF80C304B6E1993CB89ADF80E30CA
:10B50000CB6907934B6A09931AAB009304934FF4EA
:10B510008063154606460293059316A800230C4641
:10B52000069301F0EDFC2A463B4669463046FEF79D
:10B530006FFA051E07DB6946304601F013F9002853
:10B5400018BF4FF0FF35BDF80C305B0603D5A3895B
:10B5500043F04003A381169801F0D4FC28460DF275
:10B560006C4DF0BD38B5334B1B6805460C460BB12E
:10B570009A6B12B3B4F90C3018079AB225D5216929
:10B5800000292DD012F0010007D00020A0606069D2
:10B590004042A06139B1002038BD950758BF6069AD
:10B5A000A0600029F7D1120658BF0846F4D543F031
:10B5B0004003A3814FF0FF3038BD184601F006F973
:10B5C000B4F90C3018079AB2D9D4D1062AD552074B
:10B5D00014D4216943F00803A3819AB20029D1D180
:10B5E00002F42070B0F5007FCCD02146284601F04F
:10B5F0008FFCB4F90C3021699AB2C3E7216B51B1C9
:10B6000004F14002914204D0284601F0D7F9B4F980
:10B610000C300022226321690022C4E9001223F0C9
:10B620002403D7E7092243F040032A604FF0FF309C
:10B63000A38138BD40000020024B13B1024800F046
:10B6400005B8704700000000F1C80008002301465B
:10B650001A46184603F03EBE2DE9F04F03690C6907
:10B66000A34283B0C0F28680013C01F11405A3001F
:10B6700000F11408009355F8243058F824200133C1
:10B680008A469A4208EB8401814605EB84070191C2
:10B69000B2FBF3F638D30023AE4640469B465EF835
:10B6A000041B02681FFA81FC06FB0C33090C4FEAED
:10B6B000134C06FB01CC99B2ABEB01011FFA8CF3E2
:10B6C00011FA82F1C3EB124202EB214289B241EA44
:10B6D0000241774540F8041B4FEA1C434FEA224BD6
:10B6E000DDD2009B58F8033073B9019B043B9845A9
:10B6F00004D307E0984504F1FF3403D253F804293A
:10B70000002AF7D0C9F810405146484602F02AFAFC
:10B7100000282BDB01364046002355F8041BD0F8E7
:10B7200000C08AB29A1A0B0C12FA8CF2C3EB1C43BB
:10B7300003EB224392B242EA0342AF4240F8042BA9
:10B740004FEA2343E9D258F8242008EB84036AB96E
:10B75000043B984504D307E0984504F1FF3403D235
:10B7600053F80429002AF7D0C9F81040304603B036
:10B77000BDE8F08F002003B0BDE8F08F00000000AE
:10B780002DE9F04F016C99B090469946CDE90489B6
:10B79000259D044641B1426C4A60012393408B6071
:10B7A00001F084FF00232364B9F1000AB4BF012330
:10B7B00000232B60764BBCBF2AF0004ACDF814A0C2
:10B7C00033EA0A0300F0AA80DDE904231046194693
:10B7D00000220023CDE90A01F4F724FF074670B1E7
:10B7E000249A01231360269B002B00F0E482694811
:10B7F0001860431E0393039819B0BDE8F08F16AB91
:10B80000019317AB00932046DDE90A2302F070FA9A
:10B810005FEA1A56054640F09780DDE916763E4409
:10B8200006F23240202840F3B583C0F140000AFA06
:10B8300000FA06F2124028FA00F04AEA0000F4F793
:10B8400021FE0123013EA1F1F8710F93524B00221A
:10B85000F4F7DAFC48A3D3E90023F5F731FD48A358
:10B86000D3E90023F4F7D2FC804630468946F4F74A
:10B8700019FE45A3D3E90023F5F722FD02460B4646
:10B8800040464946F4F7C2FC80468946F5F740FF3A
:10B8900000228346002340464946F4F7CDFE0028A7
:10B8A00040F07C82BBF1160F00F26B823B4B03EB46
:10B8B000CB03D3E90023DDE90A01F4F7BDFE00283C
:10B8C00072D00023BE1B0E93731E0BF1FF3B069339
:10B8D00000F15E8200230993BBF1000F6BDA099B34
:10B8E000CDF81CB0A3EB0B030993CBF100030D9330
:10B8F000229B092B4FF0000B66D8052B40F34883A1
:10B90000043B22930026229B023B032B00F2688615
:10B91000DFE813F05C04590450043304249A42F223
:10B920000F73CAF3130A13605AEA08031AD1269B4D
:10B93000002B00F064861A4B03930833269A039871
:10B94000136019B0BDE8F08FDDE90A12C2F31303EA
:10B95000084643F07F510F97A6F2FF36169F41F439
:10B96000401173E7269B002B40F0EA830D4B0393B5
:10B9700041E700BFAFF3008061436F63A787D23F09
:10B98000B3C8608B288AC63FFB799F501344D33FCE
:10B990000000F07F1D0C01080000F83FB00D010809
:10B9A000640C0108600C0108BE1B731E069300F1B5
:10B9B00085840E900990069B5B44CDE9063B0023ED
:10B9C0000D93229B092B98D90023CDE92233012620
:10B9D0004FF0FF330C960893089B1293002161648B
:10B9E000204601F03DFE0390002800F00186039BF5
:10B9F0002364089B0E2B00F21381002E00F01081AF
:10BA00000799002940F35C84AE4B01F00F0203EB71
:10BA1000C2034FEA2118C905D3E9006740F1148435
:10BA2000A94BDDE90A01D3E90823F5F773FDCDE958
:10BA3000100108F00F084FF0030AB8F1000F13D0FF
:10BA4000DFF8849218F0010F09D030463946D9E961
:10BA50000023F5F735FC0AF1010A06460F465FEAB6
:10BA6000680809F10809EDD1DDE9100132463B46CD
:10BA7000F5F750FD804689460E9B43B1934B00225B
:10BA800040464946F4F7D8FD002840F0308550463E
:10BA9000F4F708FD42464B46F5F712FC8C4B0022AA
:10BAA000F4F7B4FBA1F15073CDE910011193089B99
:10BAB000002B00F09780079B1493089B13930C9B1B
:10BAC000002B00F0A584139A7E4B8249039E03EB62
:10BAD000C20353E902230020F5F71CFDDDE9102322
:10BAE000F4F792FBCDE9100149464046F5F710FE08
:10BAF0000746F4F7D7FC02460B4640464946F4F7A2
:10BB000083FB3037DDE9102306F8017B8046894648
:10BB1000F4F792FD002840F02985CDF854B00027B5
:10BB2000DDE910AB1095139D13942AE00137AF4265
:10BB300080F22C85684B504659460022F5F7C0FB31
:10BB4000654B002282468B4640464946F5F7B8FBD6
:10BB500089468046F5F7DCFD0446F4F7A3FC02466F
:10BB60000B4640464946F4F74FFB303406F8014B8C
:10BB700052465B4680468946F4F75EFD002840F059
:10BB8000F38442464B4651490020F4F73DFB5246B0
:10BB90005B46F4F751FD0028C8D0DDE91343109D42
:10BBA000039A079302E0964200F0C884B24616F862
:10BBB000013D392BF7D00133DBB23370079B0133E2
:10BBC0000793C8E15046F4F76DFC42464B46F5F743
:10BBD00077FB3F4B0022F4F719FBA1F15073CDE93D
:10BBE000100111933D4B404649460022F4F70CFBEF
:10BBF000DDE910894B46424606460F46F4F73AFD0A
:10BC00008146002840F0AA84DDE91001024601F1D6
:10BC1000004330463946F4F70FFD002840F04583D5
:10BC2000179B002BC0F28C80079A0E2A00F38880A5
:10BC3000244B03EBC203D3E900AB239B002B1BDA9D
:10BC4000089B002B18DC40F02E83244B002250462A
:10BC50005946F5F735FB02460B46DDE90A01F4F7D4
:10BC6000F5FCDDF820904E46002800F0C782239BAB
:10BC7000DDF80C80DF43C9E2DDE90A7852465B4615
:10BC800038464146F5F746FCF5F742FD81460990F6
:10BC9000F4F708FC52465B46F5F712FB039E0B4691
:10BCA000024641463846F4F7AFFA09F1300306F888
:10BCB000013B089B012B00F05C830694012704954F
:10BCC0001C462AE0B00D0108880D01080000F03F75
:10BCD00000001C400000E03F000024400000144031
:10BCE00052465B4640464946F5F714FCF5F710FD11
:10BCF0000546F4F7D7FB52465B46F5F7E1FA013704
:10BD00000B46024649464046F4F77EFA05F13003F9
:10BD1000A74206F8013B00F02983AC4B0022F5F75F
:10BD2000CFFA0022002380468946F4F77BFC0028E6
:10BD3000D6D0049D069C079B01330793B2460AE1C7
:10BD40000C9A002A3DD0229A012A40F39C82089B3B
:10BD500003F1FF380D9B4345C0F26D82A3EB080849
:10BD6000089B002BC0F23C83069A1A440692099A5B
:10BD700017461A4409920121204601F03FFD06466C
:10BD800023E00123BE1B0E93731E06937FF5A2AD25
:10BD9000C6F101030993002306939DE55846F4F785
:10BDA00081FB42464B46F4F73DFC00287FF47AAD18
:10BDB0000BF1FF3B76E5864B0393039819B0BDE882
:10BDC000F08FDDF83480099F0C9E002F0CDD069962
:10BDD00000290B4608DD099AB942A8BF3B46D21A92
:10BDE000FF1ACB1A099206930D9BDBB10C9B002B1B
:10BDF00000F05D82B8F1000F0FDD3146424620466B
:10BE000001F0D8FD2A4601460646204601F024FDF1
:10BE100029460546204601F049FC0D9BB3EB08027C
:10BE200040F0D8820121204601F0E8FCBBF1000F70
:10BE3000814600F3B480229B012B40F386814FF0B2
:10BE4000000A0120BBF1000F40F0B580069A1044B3
:10BE500010F01F0000F09380C0F12003042B40F38A
:10BE6000D283099BC0F11C00034402440993074498
:10BE70000692099B002B05DD29461A46204601F053
:10BE8000F9FD0546069B002B05DD49461A4620466E
:10BE900001F0F0FD81460E9B002B40F03681089B9F
:10BEA000002B40F31D810C9B002B40F0A080079BD2
:10BEB00001330793DDF80C80DDF820A0012707E0AF
:10BEC000294600230A22204601F0FAFB01370546E5
:10BED00049462846FFF7C0FB574500F1300308F8F4
:10BEE000013BEDDB089A002AC8BF9346039AD8BFEE
:10BEF0004FF0010B9344002729460122204604936A
:10BF000001F0B8FD4946054601F02CFE002840F33B
:10BF1000A8811BF8013C039A0BF1FF3B04E05A4552
:10BF200000F0AA811BF8013D392B0BF1010AF6D074
:10BF300001338BF800304946204601F0B7FB56B17B
:10BF40002FB1B74203D03946204601F0AFFB31464E
:10BF5000204601F0ABFB2946204601F0A7FB002359
:10BF60008AF80030249B079A1A60269B002B3FF426
:10BF700042AC0398C3F800A019B0BDE8F08F1C20B4
:10BF8000099B03440993069B03440744069370E707
:10BF90000126B8E4C0F1200008FA00F04FE40146A1
:10BFA0005A46204601F006FD229B012B814640F3B4
:10BFB000B3814FF0000AD9F8103009EB83031869F8
:10BFC00001F0CEFBC0F1200040E700BF000024409C
:10BFD0001C0C0108314600230A22204601F070FBA8
:10BFE000129B002B064640F3E782CDE90783002F22
:10BFF00000F31A81BAF1000F40F0D581B046049BDE
:10C00000039F089903F001027B1E1944229B0C92A6
:10C01000134309910A9349462846FFF71DFB314611
:10C020008346284601F09EFD424649468246204608
:10C0300001F0B8FDC26801460BF13003002A42D17D
:10C0400006902846089301F08DFD0699049020463D
:10C0500001F02CFB049A089B1AB90A99002900F0F8
:10C060009B82BAF1000FC0F2638122994AEA010A69
:10C070000C9951EA0A0100F05B81002A00F3B481B7
:10C08000099A3B7007F1010A9742D34600F0B2814A
:10C09000294600230A22204601F012FB46450546A8
:10C0A00031464FF000034FF00A02204612D001F053
:10C0B00007FB4146064600230A22204601F000FB0A
:10C0C00057468046A7E72046049301F0EFFA049B09
:10C0D0000122C6E701F0F4FA5746064680469AE781
:10C0E000229B022B79DC0C9B002B80D1079B4946BD
:10C0F000013328460793FFF7AFFADDF80CB000F1E3
:10C1000030030BF8013B0027F6E64946284601F0CC
:10C1100029FD0028BFF6C3AE294600230A22204687
:10C1200001F0CEFA079B03F1FF380C9B0546002B6C
:10C130007FF450AF129B002B40F335820893B9E691
:10C14000AF4B03930333FFF7F9BBDDE9041200297A
:10C150007FF475AEC2F31303002B7FF470AEA94BCE
:10C160001340002B00F0FE81099B01330993069BCD
:10C17000013306934FF0010A63E601230C93239BDE
:10C18000079A134412930133012B1F460893B8BF3B
:10C1900001270021172F61647FF722AC01220423BD
:10C1A0005B0003F11400B842114602F10102F7D915
:10C1B000616415E401230C93239B002B4CDD129347
:10C1C00008931F46E5E700230C93D8E700230C9360
:10C1D000F2E7129BCDF81C800893089B002B7FF49C
:10C1E00046AD49460522204601F06AFA01468146DD
:10C1F000284601F0B7FC00287FF739AD0398079F68
:10C200003123804600F8013B013703904946204620
:10C2100001F04CFA7B1CDDF80CA00793CDF80C80E4
:10C22000002E7FF494AE96E631463A46204601F061
:10C2300021FC0646DEE60D9BCDF83480A8EB030317
:10C240009B444FF000088BE5DDE90A234FF0020A1A
:10C25000CDE91023FFF7F1BB012323930893FFF7E8
:10C26000BBBB03D1049BDB073FF553AEDA461BF89B
:10C27000013D302BFAD05EE6079B039A013307930A
:10C280003123137057E60F9A002A00F0268103F23B
:10C290003343069ADDF834801A440692099A174609
:10C2A0001A44099267E54FF000094E46DFE429463B
:10C2B0000D9A204601F07EFB0546B3E50E9067E53A
:10C2C00000F00F81079A504B564206F00F0203EB25
:10C2D000C203D3E90023DDE90A01F4F7F1FF3611C7
:10C2E0008046894600F07181484F00234FF0020AD2
:10C2F000F20706D5D7E90023F4F7E2FF0AF1010AB5
:10C300000123761007F10807F2D1002B3FF4B4ABFC
:10C3100080468946FFF7B0BB049B002B7FF449AEF3
:10C32000DDE90412C2F31303002B3FF418AF40E61B
:10C33000002A12DD294601222046049301F09AFBCF
:10C340004946054601F00EFC0028049B40F3188185
:10C35000392B00F0F9800BF13103BA460AF8013BA2
:10C36000079B0133374607934646E4E50995069C4B
:10C37000049D02460B46F3F749FF52465B46804652
:10C380008946F4F777F960B952465B46404649461C
:10C39000F4F748F900283FF4CEAC099BD9077FF5A4
:10C3A000CAAC039A02E47168204601F059F90746C5
:10C3B000002800F00E81336902339A0006F10C0167
:10C3C0000C30F4F717FE39460122204601F052FBEB
:10C3D000804614E62946204601F0ECFA054621E5A0
:10C3E000DDE908239F1AC6E4392B00F0AD80BA4678
:10C3F0000133B3E7079A01323746079246467BE599
:10C40000600C01080000F07FB00D0108880D0108E4
:10C41000DDF84CA0844901EBCA01DDE9102351E9A4
:10C420000201F4F74DFFCDE9100149464046F5F70A
:10C430006FF90646F4F736F80B4602464946404681
:10C44000F3F7E2FE039F53463036012B07F8016BEA
:10C450008046894600F0AE80139E039B1E44734BBA
:10C46000002240464946F4F72BFF89468046F5F7FF
:10C470004FF98246F4F716F80AF1300A02460B46E5
:10C4800040464946F3F7C0FE07F801ABB742804685
:10C490008946E4D1664B0022DDE91001F3F7B6FED0
:10C4A00042464B46F4F7C8F8002864D1DDE9102372
:10C4B0005F490020F3F7A8FE42464B46F4F7DAF84E
:10C4C00000283FF4ADABB246013E1AF8013C302BD8
:10C4D000F9D0149B013307933DE5169BC3F1360356
:10C4E000D7E6DDE90A894FF0020AFFF7C5BA089BD3
:10C4F000002B3FF467AB129B002B7FF791AB079AA1
:10C50000013ACDE913324046484B00224946F4F740
:10C51000D7FE804689460AF10100F3F7C3FF424681
:10C520004B46F4F7CDFE434B0022F3F76FFEA1F12B
:10C530005073CDE910011193FFF7C1BA079B013386
:10C5400007933123FFF739BB079BBB4601330793A2
:10C55000392337460BF8013B4646DCE44FF000092F
:10C560004E464BE69A466CE4109D139C149B013397
:10C570000793B246EFE4149B039A0793FFF716BBA9
:10C580007FF4EBAEDA077FF5E8AEE1E6DDF854B014
:10C59000109D139CFFF744BB392BD5D0BAF1000F87
:10C5A0003FF7D9AED9E6229B022B3FF712AECDF86A
:10C5B0001C809BE53E466DE7229B022B3FF709AEB0
:10C5C000129BCDF81C80089311E54FF0020AFFF78B
:10C5D00053BA194B19483A4640F2EA2102F0C0FE1C
:10C5E000002666643146204601F03AF8039078B997
:10C5F000114B124800224FF4D57102F0B1FE104BDE
:10C600000393FFF7F8B83FF434ACC0F13C00B7E453
:10C61000039B236401224FF0FF33239612930C9265
:10C620000893FFF7FDBA00BFB00D010800002440D9
:10C630000000E03F00001C40700C0108840C010861
:10C64000640C0108B1F90C20F8B50C461107074637
:10C6500042D4636842F40062002BA28159DDA56ACE
:10C66000002D54D000233E683B6093B212F48052F8
:10C6700053D1E16901233846A847421C63D0A389FE
:10C68000A56A5B0705D56368C01A236B0BB1E36B22
:10C69000C01AE169024600233846A847411C3ED132
:10C6A0003B68002B3BD01D2B01D0162B52D1A38908
:10C6B0002269226023F4006300216160A381216B61
:10C6C0003E6021B304F14003994202D0384600F0A5
:10C6D00075F900202063F8BD2669C6B193B22568BC
:10C6E00026609A070CBF63690023AD1BA3600CE0B2
:10C6F000D4F824C0E1692B4632463846E047B0F111
:10C70000000CA5EB0C05664416DD002DF0DC0020C6
:10C71000F8BDE36B002BA2DCF9E7206DB1E7B4F9BB
:10C720000C302269226023F40063A3810022DB0421
:10C730006260C4D52065C2E7A38943F040034FF08F
:10C74000FF30A381F8BD3B68002B98D01D2B06D08D
:10C75000162B04D0A38943F04003A381F8BD3E60AB
:10C76000D5E700BF38B50C46054608B1836BA3B1C9
:10C77000B4F90C00B8B1636EDB0701D4810515D59F
:10C7800028462146FFF75EFF636EDA07054602D4AE
:10C79000A3899B050ED5284638BD00F017F8B4F9DB
:10C7A0000C000028E7D10546284638BDA06D00F0F2
:10C7B000ABFBE5E7A06D00F0A9FB284638BD00BF44
:10C7C000014900F075BB00BF25F400082DE9F047D2
:10C7D0008246394800F098FBDAF83840002C66D1E0
:10C7E000DAF80450354ACAF83C200323CAE9B843B2
:10C7F000DFF8CC90DFF8CC80334F344E04230AF5B9
:10C800003B72CAF8E8222146C5E90243C5E9004463
:10C81000C5E904446C660822AC6105F15C00FBF7D5
:10C82000D9FAC5E90759C5E90987EE6205F158004B
:10C8300000F066FBDAF80850254BEB602146C5E9AD
:10C840000044C5E904446C66AC60AC61082205F1A3
:10C850005C00FBF7BFFAC5E90759C5E90987EE6235
:10C8600005F1580000F04CFBDAF80C50194BEB6066
:10C870002146C5E90044C5E904446C66AC60AC617E
:10C88000082205F15C00FBF7A5FA05F15800C5E99F
:10C890000759C5E90A76C5F8248000F031FB012369
:10C8A000CAF838300448BDE8F04700F02FBBBDE8B7
:10C8B000F047014800F02ABB985B0020C1C7000880
:10C8C00021E2000845E2000885E20008A5E2000830
:10C8D0000900010012000200014800F015BB00BF72
:10C8E000945B0020014800F011BB00BF945B002066
:10C8F00038B5084B084D5B1B9C1007D0043B1D440A
:10C90000013C55F804399847002CF9D1BDE838406E
:10C9100002F0D2BF0410010800100108F8B5244F3E
:10C920000C46064600F090FEBA685568C4F57E6372
:10C930000F3325F003052B4423F47F6323F00F030B
:10C94000A3F58054B4F5805F07DB0021304601F089
:10C9500055FCBB682B44984204D0304600F07AFE68
:10C960000020F8BD6142304601F048FC01300DD096
:10C97000104ABB682D1B45F001055D601368304609
:10C980001B1B136000F066FE0120F8BD002130463D
:10C9900001F034FCBA68831A0F2BDEDD43F001038B
:10C9A0005360054B03491B68C01A0860D5E700BFF8
:10C9B000740400209C5B00207C080020002961D0CA
:10C9C000F8B50C46064600F03FFE54F8042C7B4FA9
:10C9D000A4F1080522F0010105EB010CB868DCF8B0
:10C9E0000430604523F0030300F08B80D207CCF8BD
:10C9F000043032D454F8082CAD1A1144AA6807F157
:10CA0000080082426AD00CEB0304D4F804E0EC681E
:10CA1000D4601EF0010FA26000F0978041F0010386
:10CA20006B60CCF80010B1F5007F35D27A68CB0886
:10CA300048090121013381401143796007EBC302AA
:10CA400057F83310083AC5E9021247F83350CD6061
:10CA50003046BDE8F84000F0FDBD0CEB0302526823
:10CA6000D00710D4194407F10800DCF808308342DD
:10CA700073D0DCF80C20DA60936041F001036B6046
:10CA80006950D0E7704741F00103B1F5007F44F8E9
:10CA9000043CCCF80010C9D3B1F5206F4FEA512304
:10CAA00048D28B0903F1390003F13802C300F818AA
:10CAB000FB580838984259D05A6822F003028A423B
:10CAC00002D99B689842F7D1D868C5E902308560E1
:10CAD000DD603046BDE8F84000F0BCBD0CEB030261
:10CAE0005268D20763D40B44DCE90212CA60916039
:10CAF00043F001026A603046EB50BDE8F84000F0B8
:10CB0000A9BD0B44D10707D454F8082CAD1A13441F
:10CB1000D5E90212CA60916043F001026A60284AB6
:10CB2000BD6012689A4293D8264B30461968FFF7C9
:10CB3000F5FE8DE7142B0AD9542B1FD80B0B03F1EC
:10CB40006F0003F16E02C300B1E719448DE703F1F2
:10CB50005C0003F15B02C300A9E741F00103C7E9F0
:10CB60000455C5E902006B60695071E7796892105D
:10CB7000012404FA02F20A437A60A6E7B3F5AA7F19
:10CB800006D8CB0B03F1780003F17702C3008EE7E0
:10CB900040F25452934206D88B0C03F17D0003F10E
:10CBA0007C02C30083E74FF47E737E227FE741F06F
:10CBB00001036B60CCF800104AE700BF740400204A
:10CBC00080080020CC5B00209368002B00F081805F
:10CBD0002DE9F04FB1F90C300C461907804683B0AF
:10CBE000174698B223D523690BB310F002033D68B2
:10CBF0002BD04FF0000ADFF8B4B256465E453346FC
:10CC0000524628BF5B464046002E4FD0E169D4F81B
:10CC100024C0E047002852DDBB681B1A8244361A44
:10CC2000BB60002BEAD1002003B0BDE8F08F2146A5
:10CC30004046FEF797FC002840F03481B4F90C30F0
:10CC40003D6898B210F00203D3D110F0010942D12F
:10CC50004E463EB38205D4F808B040F18180B3451A
:10CC60005A4600F2B18010F4906F40F0BE80206808
:10CC70000192494600F06CFCA3682168019AA3EB7D
:10CC80000B030A44B246A36022600026B868A0EBFA
:10CC90000A00D144B8600028C5D0B4F90C0080B2B5
:10CCA000002ED7D1D5E900960835D2E7D5E900A600
:10CCB0000835A3E721464046FFF754FD80B3B4F999
:10CCC0000C3043F040034FF0FF30A38103B0BDE8C8
:10CCD000F08F002070471E46AA46994618461D460A
:10CCE00056B388B34A46D4E904132068B24228BF39
:10CCF0003246884205D9A16803EB010B5A4500F37F
:10CD0000A780934264DCE169D4F824C02A464046F7
:10CD1000E047B0F1000BD2DDB9EB0B09CAD001201E
:10CD2000BB68A3EB0B035D44A6EB0B06BB60002BBB
:10CD30003FF479AF002ED4D10AF1080353E902562B
:10CD40009A460833002EF9D032460A212846F4F7D5
:10CD500067FA002800F09D800130A0EB0509C1E7CB
:10CD600020682369984217D86369B34214D86FF0DA
:10CD70000042B24228BF3246E16992FBF3F2D4F896
:10CD800024C002FB03F340464A46E047B0F1000AE4
:10CD900095DDA6EB0A0679E7B345DA4628BFB24629
:10CDA0005246494600F0D4FBA3682268A3EB0A036D
:10CDB0005244A3602260002BEBD121464046FFF78E
:10CDC000D1FC0028E5D07AE72068B34632464FE729
:10CDD0002946019200F0BCFB019AA3689B1AA3604C
:10CDE000236813442360934696E723682169A3EBE5
:10CDF000010B636903EB430A0AEBDA7A0BF10103D7
:10CE00004FEA6A0A33445345524684BF9A46524613
:10CE100043052CD51146404600F0EAF800283BD0E7
:10CE20005A4621690190F4F7E5F8A289019B22F4A2
:10CE3000906242F08002A28103EB0B002361AAEB17
:10CE40000B03C4F814A0A3602060B34632460FE77A
:10CE500029465A4600F07CFB23685B442360214648
:10CE60004046FFF77FFC00283FF456AF27E74046D7
:10CE700000F0A0FF03460028DED121694046FFF7FD
:10CE80009DFDB4F90C300C2223F08003C8F800207B
:10CE900017E7721C914626E70C22B4F90C30C8F84B
:10CEA00000200EE74FF0FF30BEE600BF00FCFF7F22
:10CEB0002DE9F8430746884600F538764FF000091B
:10CEC000D6E90154013D11D4A389012B05F1FF35A9
:10CED00008D9B4F90E300133214603D03846C04793
:10CEE00049EA00096B1C04F16804EDD13668002E94
:10CEF000E6D14846BDE8F883004870477409002031
:10CF0000704700BF704700BF704700BF704700BF49
:10CF10002DE9F0418B890C46990796B008D504F1AC
:10CF200043030122C4E90432236016B0BDE8F08156
:10CF3000B4F90E100029064627DB6A4602F074FB9E
:10CF4000002821DB019D05F47045A5F50055B5FAD3
:10CF500085F54FF480686D094FF40067414630460F
:10CF600000F046F8B4F90C30F0B1204AF26343F017
:10CF70008003C4F81480A3812060206135BB3B434B
:10CF8000A38116B0BDE8F081A38913F0800519D004
:10CF90004FF040084146304600F02AF80025B4F929
:10CFA0000C302F460028E0D19A05BED423F00303AD
:10CFB00004F1430243F002030121C4E90421A381E7
:10CFC0002260B2E74FF480682F46C7E7B4F90E102D
:10CFD000304602F03FFB10B9B4F90C30CFE7A3891B
:10CFE00023F0030343F001031BB2C8E7C1C70008E5
:10CFF0002DE9F04F01F10B06162E83B0044624D81C
:10D00000102900F2BA8000F01FFB1026182202201F
:10D01000B54F3A44A2F1080153688B4200F0BA8040
:10D020005A68D96822F003021A449D68E9608D604D
:10D03000516841F001012046516003F1080500F0FC
:10D0400009FB284603B0BDE8F08F36F0070600F173
:10D050009480B14200F2918000F0F6FAB6F5FC7FC0
:10D06000C0F09A81730A00F08F80042B00F26F8168
:10D07000B30903F1390003F1380CC3009A4F3B4464
:10D08000A3F108055B689D4206D10CE0002980F2FF
:10D090002781DB689D4206D05A6822F00302911B6B
:10D0A0000F29F3DD60463D69DFF840C265457CD05D
:10D0B0006A6822F00302931B0F2B00F37B81002B85
:10D0C000C7E904CC80F26C81B2F5007F80F01A8150
:10D0D000D308796801334FEA521E012202FA0EF298
:10D0E0000A4357F833E0C5F808E007EBC3010839F5
:10D0F000E9607A6047F83350CEF80C508310012174
:10D100009940914257D8114206D120F003004900BE
:10D11000114200F10400FAD007EBC0094D468646E3
:10D12000D5F80C80454508D11DE1002B80F2248103
:10D13000D8F80C80454500F01681D8F8042022F07C
:10D140000302931B0F2BF0DD2046D8E9025408EBB5
:10D15000060146F00106C8F80460EC60A56043F0E3
:10D160000104C7E90411C1E902CC4C6048F802305F
:10D1700000F070FA08F1080502E00C232360002596
:10D18000284603B0BDE8F08F4FF4007340204FF005
:10D190003F0C73E7D3689A4208BF02307FF440AF78
:10D1A0003D69DFF848C1654582D17A688310012165
:10D1B00099409142A7D9BD686B6823F003094E4599
:10D1C00003D8A9EB06030F2B7ADCDFF824B1494B17
:10D1D000DBF800201B680132334405EB090A00F03C
:10D1E000338103F580530F3323F47F6828F00F0851
:10D1F0004146204601F002F8411C024600F0F3804F
:10D20000824500F2EE803C4B1968414419600846A3
:10D2100000F04E81DBF80010019301311BBFA2EB3F
:10D220000A0A5044CBF80020186012F0070B00F0F7
:10D230001781CBF108010A44CBF5805190440831A5
:10D24000A1EB0801C1F30B0A51462046009200F001
:10D25000D5FF421CDDE9002300F04F81801A00EB6E
:10D260000A081968BA6048F001005144BD42506094
:10D27000196000F02981B9F10F0F40F22781686829
:10D28000A9F10C0C2CF0070C00F0010040EA0C0096
:10D2900068604FF0050E05EB0C00BCF10F0FC0E904
:10D2A00001EE00F2328150681546144B1A688A422A
:10D2B00038BF1960124B1A688A4238BF196094E06F
:10D2C000AA1943F0010346F001066E602046BA60D9
:10D2D000536000F0BFF90835284603B0BDE8F08F71
:10D2E000D9681A44A1E600BF740400207C04002021
:10D2F0007C080020CC5B00209C5B0020C45B0020ED
:10D30000C85B0020B2F5206F4FEA522363D3142B81
:10D3100000F2B78003F15C01C9005B3307EB010E3B
:10D320007958AEF1080E8E4500F091804B6823F0DD
:10D330000303934202D989688E45F7D1D1F80CE0F6
:10D340007A68C5E9021ECEF80850CD60D6E6142BE7
:10D3500059D9542B00F29D80330B03F16F0003F178
:10D360006E0CC3008AE60EF1010E1EF0030F05F1EC
:10D3700008057FF4D5AE51E0424445465368D8F8DD
:10D380000C1043F00103536055F8083F2046D96064
:10D390008B6000F05FF9F3E6F00806F1080237E66B
:10D3A0002A442046536843F001035360083500F0D7
:10D3B00051F9E5E6A919204646F0010643F00104BB
:10D3C0006E60C7E90411C1E902CC4C60AB5000F0BB
:10D3D00041F90835D4E6930903F13901C90038331E
:10D3E0009CE7BD425FD0BD68686820F003084645F1
:10D3F000A8EB060302D80F2B3FF762AF204600F0E0
:10D4000029F90025BCE603F15C0003F15B0CC300C5
:10D4100034E659F808394B4540F0968010F0030F78
:10D4200000F1FF30F5D17B6823EA01037B604900FE
:10D4300099423FF6C0AE19B9BDE649000EF1040E9F
:10D440001942FAD0704667E603F11008D0E69A1048
:10D450004FF001087B6808FA02F21A437A6070E71D
:10D4600002EB08014942C1F30B0A514620460092E3
:10D4700000F0C4FE431CDDE900237FF4EFAEDA4682
:10D48000EFE6542B25D8130B03F16F01C9006E335F
:10D4900044E7B3F5AA7F25D8F30B03F1780003F135
:10D4A000770CC300EAE5294B186840441860B1E6E0
:10D4B000CAF30B0CBCF1000F7FF4ACAEBD68C844DE
:10D4C00048F001006860F0E61546EEE6012353607F
:10D4D00094E7B3F5AA7F23D8D30B03F17801C900F1
:10D4E00077331BE740F25452934223D8B30C03F135
:10D4F0007D0003F17C0CC300C0E5ABF1080BD84400
:10D50000A8EB02084FF0000AABE605F1080120463F
:10D510000093FFF753FABD68009B68681968C4E67A
:10D5200040F254518B420BD8930C03F17D01C9009A
:10D530007C33F3E64FF47E737F204FF07E0C9DE545
:10D540004FF47E717E23E9E67B6870E79C5B0020E8
:10D5500088420DD98B1883420AD900EB020CBAB16C
:10D56000624613F801CD02F801CD9942F9D1704716
:10D570000F2A0ED8034602F1FF3C4AB10CF1010C10
:10D58000013B8C4411F8012B03F8012F6145F9D1BF
:10D59000704740EA01039B0750D1A2F1100370B518
:10D5A00001F1200C23F00F0501F1100E00F1100421
:10D5B000AC441B095EF8105C44F8105C5EF80C5C2F
:10D5C00044F80C5C5EF8085C44F8085C5EF8045CA7
:10D5D00044F8045C0EF1100EE64504F11004E9D1A4
:10D5E000013312F00C0F01EB031102F00F0400EBFA
:10D5F000031327D0043C24F003064FEA940C1E4486
:10D600001C1F8E465EF8045B44F8045FB442F9D1F7
:10D610000CF1010402F0030203EB840301EB84012B
:10D6200002F1FF3C4AB10CF1010C013B8C4411F8B2
:10D63000012B03F8012F6145F9D170BD02F1FF3CC8
:10D6400003469BE72246EBE70148FFF75DBC00BFBE
:10D65000905B00200148FFF759BC00BF905B0020A1
:10D66000C36C70B505460C464BB153F8240080B12D
:10D67000026843F824200023C0E9033370BD21224F
:10D68000042101F08DFE0346E8640028EDD100205E
:10D6900070BD012101FA04F6721D9200284601F0C6
:10D6A0007FFE0028F3D0C0E90146E4E731B1C36C46
:10D6B0004A6853F82200086043F82210704700BF00
:10D6C0002DE9F0410D6907460E461C4601F1140E86
:10D6D0000020DEF800108BB202FB03434FEA134C2C
:10D6E000090C02FB01CC01309BB203EB0C438542D9
:10D6F0004EF8043B4FEA1C44EBDC3CB1B368AB4250
:10D7000007DD06EB850301355C6135613046BDE818
:10D71000F081716838460131FFF7A2FF8046A8B159
:10D720003269023206F10C0192000C30F3F762FC10
:10D73000FB6C726853F82210316043F82260464651
:10D7400006EB850301355C613561DFE7024B034879
:10D750004246B52101F004FE700C0108040D0108D9
:10D76000020C12040346CAB90304102013F07F4FC1
:10D7700004BF1B02083013F0704F04BF1B010430BC
:10D7800013F0404F04BF9B000230002B05DB13F069
:10D79000804F00F1010008BF202070470020E5E71E
:10D7A0000368024613F0070007D0D9071DD4980775
:10D7B0001FD55B0813600120704799B209B91B0C93
:10D7C0001020D9B209B908301B0A190704BF1B0978
:10D7D0000430990704BF9B080230D90703D45B08C3
:10D7E00000F1010003D01360704700207047202033
:10D7F00070479B0813600220704700BF38B5C36CA8
:10D8000004460D464BB15868B0B102685A60002218
:10D810000123C0E90435C26038BD2122042101F092
:10D82000BFFD0346E0640028EDD1094B0948002202
:10D830004FF4A07101F094FD1C220121204601F05B
:10D84000AFFD0028F1D001220223C0E90123DEE769
:10D85000700C0108040D01082DE9F04F0E691569DF
:10D86000AE4285B08846144605DB2A462346354637
:10D870000C4616469846A3686168AF19BB42B8BF0C
:10D880000131FFF7EDFE0190002800F08780019B39
:10D8900003F1140909EB870AD14505D24B46002252
:10D8A00043F8042B9A45FBD808F1140808EB860BC3
:10D8B00004F11403D8451A4603EB85055FD22B1BF0
:10D8C000153B23F0030304331534A54238BF04236A
:10D8D000CDE902A7AC461F46924605E0000C29D1CF
:10D8E000C34509F1040948D958F8040B85B2002D45
:10D8F000F4D056464C46002356F8040B216882B2F9
:10D900001FFA81FE05FB02EE000C0A0C734405FBB6
:10D91000002202EB13429BB243EA0243B44544F8AF
:10D92000043B4FEA1243E7D849F8073058F8040C93
:10D93000000CD5D0D9F80030544619464D46002287
:10D940002688090C00FB06110A449BB243EA0243F5
:10D9500045F8043B54F8046B2968360C8BB200FB85
:10D96000063303EB1243A4454FEA1342E8D8C345FC
:10D9700049F8073009F10409B6D8DDE902A7002FFC
:10D9800002DC05E0013F03D05AF8043D002BF9D03A
:10D99000019B18461F6105B0BDE8F08F034B04489A
:10D9A000019A40F25D1101F0DBFC00BF700C010830
:10D9B000040D010812F003032DE9F0411446064658
:10D9C00032D10D46A41020D0D6F84880B8F1000F0F
:10D9D00033D0E3074FF0000707D4641015D0D8F810
:10D9E0000000A8B18046E307F7D5424629463046F5
:10D9F000FFF732FFB5B16968F36C641053F821206A
:10DA00002A6043F821500546E9D12846BDE8F08157
:10DA1000424641463046FFF71FFFC8F80000076046
:10DA20008046E0E70546D8E7013B0F4A52F823203D
:10DA30000023FFF745FE0546C4E701213046FFF706
:10DA40000FFE804640B1012340F27122C0E904324A
:10DA50000023B0640360BCE7044B054842464FF422
:10DA6000A07101F07DFC00BF780E0108700C010868
:10DA7000040D01082DE9F0470C4690462669A3687D
:10DA8000496806EB6216751C9D4207464FEA62190B
:10DA900004DD5B009D4201F10101FADC3846FFF72D
:10DAA000DFFD8446002851D0B9F1000F00F11400C9
:10DAB0000EDD09F105024FEA820E03460CEB8202ED
:10DAC000002143F8041B9342FBD1AEF11403184428
:10DAD000216904F1140318F01F0803EB81012DD014
:10DAE000C8F1200986464FF0000A1A6802FA08F2C7
:10DAF00042EA0A024EF8042B53F8042B994222FA08
:10DB000009FAF2D80B1B153B23F00303043304F18D
:10DB10001502914238BF0423BAF1000F18BF2E46F8
:10DB200040F803A0FB6C6268CCF8106053F8221038
:10DB30002160604643F82240BDE8F087043853F87E
:10DB4000042B40F8042F9942F9D8EBE7034B044823
:10DB5000624640F2D91101F003FC00BF700C0108CD
:10DB6000040D01080B6984460069C01A15D10CF137
:10DB7000140C14310CEB830210B401EB830301E0AD
:10DB8000944508D252F8044D53F8041D8C42F7D046
:10DB900004D24FF0FF3010BC70477047012010BC1A
:10DBA000704700BF2DE9F84F0F691369FF1A002F66
:10DBB0000E4690467AD101F11405143202EB83022D
:10DBC00005EB830301E09D4273D253F8041D52F824
:10DBD000044DA142F7D064D37168FFF741FD81463F
:10DBE000002872D03569D8F81020C76008F1140EEB
:10DBF00006F1140009F1140A06F1100C0EEB820272
:10DC000000EB8507564600215EF8044B5CF804BF24
:10DC1000A3B211FA8BF1CB1A210CC1EB1B4101EB22
:10DC200023419BB243EA0143724546F8043B4FEA65
:10DC30002141E9D8A2EB0804153C08F1150842453A
:10DC400024F0030606F1040638BF0426304424F00D
:10DC5000030238BF002287425244B24416D95646C6
:10DC6000044654F8043B11FA83F10A1402EB134200
:10DC700089B241EA0243A74246F8043B4FEA2241F7
:10DC8000EFD87A1E101A20F00302524423B952F83A
:10DC9000043D013D002BFAD0C9F810504846BDE8BC
:10DCA000F88F334601274646984695E7F9DB00276B
:10DCB00092E70021FFF7D4FC814668B101220023DE
:10DCC000C9E904234846BDE8F88F074B07484A4690
:10DCD0004FF4107101F044FB034B04484A4640F2F4
:10DCE000322101F03DFB00BF700C0108040D01085A
:10DCF00070B5012182B016461D46FFF7B1FC0446FF
:10DD000000284BD02B46C5F30A55C3F313030DB1BE
:10DD100043F48013002E019322D068460096FFF74B
:10DD20003FFD002836D0019B0099C0F1200203FA84
:10DD300002F20A43C34001936261002B14BF022127
:10DD40000121A3612161ADB1069AA5F233430344D9
:10DD50001360079BC0F135001860204602B070BD0B
:10DD600001A8FFF71DFD019B0121C4E90413203028
:10DD7000002DE9D104EB8102A0F232431069069A2A
:10DD80001360FFF7EDFC079BC0EB411120461960C3
:10DD900002B070BDDDE900236261CEE7034B0448A9
:10DDA000224640F20A3101F0DBFA00BF700C010894
:10DDB000040D01082DE9F84F1746002900F098805E
:10DDC00007F10B0580460C46FFF73EFC162D5DD88B
:10DDD00010252A46AF425ED854F8041C21F00306F1
:10DDE0009642A4F1080962DABC4BD3F808C009EBEB
:10DDF0000600844500F09780D0F804C02CF00103A1
:10DE000003445B68DB0768D42CF0030C06EB0C03BF
:10DE1000934247DACB0710D454F8083CA9EB030A25
:10DE2000DAF8043023F003018C44B444944580F2C2
:10DE300011817318934280F2E88039464046FFF71B
:10DE4000D7F80746E0B154F8043C23F001034B44F3
:10DE5000A0F10802934200F0D280321F242A00F27F
:10DE6000F580132A00F2AC8003462246116819603F
:10DE70005168596092689A6021464046FEF79EFDBF
:10DE80004046FFF7E7FB3846BDE8F88F25F0070569
:10DE9000002D2A469EDA0C23C8F8003000273846A9
:10DEA000BDE8F88F1E46D0E90223D3609A60731B49
:10DEB0000F2B22D8D9F8043003F0010333434E442A
:10DEC000C9F80430736843F0010373604046274685
:10DED000FFF7C0FB3846BDE8F88FC907ADD454F84A
:10DEE000083CA9EB030ADAF8041021F00301A0E7CB
:10DEF000BDE8F84F1146FFF77BB8D9F8041001F0E0
:10DF000001012943C9F8041009EB05014E4443F00F
:10DF100001034B60736843F00103083173604046AE
:10DF2000FEF74CFDD2E7DCF8040020F0030B06EB13
:10DF30000B0C05F1100084454DDAC9073FF57DAFA4
:10DF400054F8081CA9EB010ADAF8041021F00301C7
:10DF50008B44B34458453FF76CAF5746DAF80C1082
:10DF600057F8080F321F242AC160886000F2DB8056
:10DF7000132A40F2D6802168CAF808106168CAF8EE
:10DF80000C101B2A00F2DF8008340AF1100221680D
:10DF9000116061685160A16891600AEB0501ABEB0B
:10DFA000050242F0010299604A60DAF8043003F099
:10DFB00001031D434046CAF80450FFF74BFB6EE7D0
:10DFC00023680360636843601B2A68D804F1080271
:10DFD00000F108034AE709EB05029A60ACEB050380
:10DFE00043F00103536054F8043C03F001031D4364
:10DFF000404644F8045CFFF72DFB27464FE750F8F6
:10E00000043C23F003031E4451E75746DAF80C1092
:10E0100057F8080F321F242AC16088604CD8132A91
:10E0200048D92168CAF808106168CAF80C101B2A80
:10E0300056D808340AF110021E462368136063683C
:10E040005360A3689360D1463C4630E72146FFF712
:10E050007FFA11E7D0E902135746CB60996057F871
:10E06000081FDAF80C30CB60321F242A99602DD8B3
:10E07000132A29D92368CAF808306368CAF80C3013
:10E080001B2A42D808340AF1100322681A60626819
:10E090005A60A2689A606646D1463C4607E7A36884
:10E0A0008360E368C360242A26D004F1100200F1E3
:10E0B0001003DBE63A46BFE7214638461E46D14606
:10E0C000FFF746FA3C46F2E63B46DEE72146384695
:10E0D0006646D146FFF73CFA3C46E8E67404002069
:10E0E000A168CAF81010E168CAF81410242A20D0D8
:10E0F00010340AF118029FE72369036161694161E5
:10E1000004F1180200F11803B0E6A368CAF8103051
:10E11000E368CAF81430242A21D010340AF1180315
:10E12000B3E73A4633E721463846FFF711FA164B74
:10E1300033E72269CAF818206269CAF81C2018342B
:10E140000AF1200278E7A168CAF81010E168CAF85D
:10E150001410242A0DD010340AF1180217E723698D
:10E16000CAF818306369CAF81C3018340AF1200361
:10E170008BE72269CAF818206269CAF81C20183493
:10E180000AF1200203E700BF74040020DFF860C03A
:10E19000F8B521F000430027634504460D461646B6
:10E1A000176022DC844653EA0C0C1ED0DFF844C012
:10E1B00001EA0C0C0A46BCF1000F09D10E4B0022FB
:10E1C000F3F77EF86FF0350704460A4621F0004366
:10E1D00022F0FF421B1522F4E002A3F2FE3342F0CC
:10E1E0007F553B4445F40015336020462946F8BD71
:10E1F000FFFFEF7F0000F07F0000504338B5074D70
:10E200000022044608462A60F5F71CFF431C00D094
:10E2100038BD2B68002BFBD0236038BDD05B0020BD
:10E2200010B50C46B1F90E1001F058FA002803DBC6
:10E23000236D0344236510BDA38923F48053A38178
:10E2400010BD00BF2DE9F0410C46B1F90C101F467E
:10E25000CB05054616460BD421F48051A1813B46DF
:10E26000B4F90E1032462846BDE8F04101F01CB862
:10E27000B4F90E100223002201F004FAB4F90C10D4
:10E28000EAE700BF10B50C46B1F90E1001F0FAF93B
:10E29000A389421C0EBF23F4805343F480532065AE
:10E2A000A38110BDB1F90E1001F0AAB830B540EA53
:10E2B0000104A30701D1032A0FD8844601F1FF3ED0
:10E2C00007E01EF8011F03F8011B541EC1B19C4654
:10E2D00022466346002AF4D130BD0B4684461946D7
:10E2E00053F8045BA5F1013424EA050414F0803FDF
:10E2F000E4D1043A032A4CF8045B1946EFD8DDE771
:10E300006244002CE8D003F8011B9342FBD130BDDE
:10E310002DE9F04F936883B09146002B6DD01768BC
:10E320008D6880460C460868083743E0A38913F4DB
:10E33000906F2ED0D4E90415A0EB010A05EB45053A
:10E3400005EBD5750AEB06006D100130A8422A4690
:10E3500084BF05462A465B0536D511464046FEF782
:10E3600047FE00283AD0524621690190F2F742FE5A
:10E37000A289019B22F4906242F08002A281A5EB67
:10E380000A0203EB0A006561A26023612060354642
:10E39000B24659465246FFF7DBF8D9F80830A16873
:10E3A00020684D1B50449E1BA5602060C9F8086082
:10E3B0001EB3083757E902B6002EFAD0B542AA4676
:10E3C000B4D93546B246E4E74046FFF7F3FC0346CE
:10E3D0000028D4D121694046FEF7F0FA0C23C8F892
:10E3E0000030A389002243F040034FF0FF30A381A7
:10E3F000C9E9012203B0BDE8F08F0020C9F804008C
:10E4000003B0BDE8F08F00BF2DE9F84F4B6E9C04C0
:10E4100090462DD59368126843B38B46064602F1A9
:10E42000080959E9025A5FEA9A0715D0043D002409
:10E4300001E0A7420ED055F8041F5A46304601F0BD
:10E44000BFF8431C04F10104F3D10023C8E90133F0
:10E45000BDE8F88FD8F808302AF0030AA3EB0A03C6
:10E46000C8F8083009F10809002BDAD10020ECE7E0
:10E47000FEF7AAFB0023C8E90133BDE8F88F00BF0F
:10E4800010B4946814B110BCFFF7BEBF20465460AE
:10E4900010BC70472DE9F04FBDB0CDE904301C46EB
:10E4A0000191174618B1836B002B00F08682019A08
:10E4B000536EDE0740F18F81B2F90C108AB29004DE
:10E4C00008D441F4005201994B6E8A8123F4005321
:10E4D00092B24B66110740F1F780019B1B69002B3C
:10E4E00000F0F28002F01A030A2B00F0FB8013AB5D
:10E4F00010930023CDE91133CDE90A3308930DF1D0
:10E500004C09099303933B78002B00F051813C4662
:10E5100004E014F8013F002B00F02C81252BF8D1EA
:10E52000E51B40F029812378002B00F041814FF05A
:10E53000000300258DF83B30671C637802954FF08F
:10E54000FF3B2B240137A3F120025A2A00F252810B
:10E55000DFE812F09802500150019402500150017E
:10E5600050016A005001500136026B025001410215
:10E57000A6025001A2025B005B005B005B005B0037
:10E580005B005B005B005B005001500150015001DB
:10E5900050015001500150015001230284005001EC
:10E5A00050015001500150015001500150015001E3
:10E5B0005001DD0050015001500107025001590285
:10E5C00050015001190550015001500150015001F6
:10E5D00050015001500150015001230286005001AA
:10E5E000500150014F028600800050014502500149
:10E5F0008102DF006F028000500107027E003905B2
:10E60000500150013B0550017E00A3F13002002172
:10E6100017F8013B01EB810102EB4101A3F130024C
:10E62000092AF5D902918EE7DDF814804046FEF7FD
:10E6300063FC43680A931846F2F782FD0B90064686
:10E640004046FEF759FC83680993002E40F076841B
:10E650003B7877E73B7845F0200573E745F01005F8
:10E66000AC06049E40F16F81073626F0070632465D
:10E67000736852F8086B04929846002BC0F2288405
:10E68000BBF1FF3F00F00B8556EA080325F0800A36
:10E6900000F003840A2E78F1000380F0B88430364D
:10E6A00001238DF8EF60554600930DF1EF04DDF87E
:10E6B00000809DF83B30D845B8BFD846002B00F00D
:10E6C000A88008F10108A4E0019D05982946FCF7FF
:10E6D00049FF002840F08285AA8902F01A030A2B1C
:10E6E0007FF405AF0199B1F90E30002BFFF6FFAEB4
:10E6F0004B6EDE0702D4950540F1508501990598CF
:10E7000023463A463DB0BDE8F04F00F08DBD45F0E0
:10E71000100515F0200800F00781049E073626F04A
:10E7200007063346D6F8048053F8086B049325F4A3
:10E73000806A00234FF000028DF83B20BBF1FF3FC1
:10E7400000F0C88156EA08022AF0800540F0C18135
:10E75000BBF1000F40F0A684002B40F0A3831AF019
:10E760000103009300F0D18330238DF8EF300DF1D9
:10E77000EF049CE7E51B1BD0119B129A01332A443E
:10E78000072BC9E900751292119305DC09F10809FC
:10E79000039B2B440393C6E6002A00F07A83019979
:10E7A000059810AAFFF730FE40B90DF14C09EFE7CC
:10E7B000129B002B40F0038500231193019A536EA6
:10E7C000D90740F1A68093895B0600F11385039871
:10E7D0003DB0BDE8F08F019BB3F90C108D058AB2F6
:10E7E0003FF56DAE1D46986DFEF78EFBB5F90C102A
:10E7F0008AB264E6002BDBD08DF88C304FF0010834
:10E800004FF000038DF83B30CDF8008023AC4FF083
:10E81000000B15F00203069318BF08F1020815F06B
:10E820008403079305D1029BA3EB0806002E00F397
:10E830006982DDE91121501C9DF83B608EB10DF11C
:10E840003B020131C9F8002007284FF00102CDE951
:10E850001101C9F8042000F33882024609F10809C1
:10E860000130069BDBB10FAB0231C9F8003007283D
:10E870004FF00203CDE91101C9F8043040F33D82A5
:10E88000002900F001830199059810AAFFF7BCFD4B
:10E89000002893D1DDE911210DF14C09501C079B93
:10E8A000802B00F05881009BABEB0306002E00F399
:10E8B000B381009BC9F8004019440728CDE9110134
:10E8C000C9F8043040F34481002900F06D820199B9
:10E8D000059810AAFFF798FD00287FF46FAF1299F2
:10E8E0000DF14C09680705D5029BA3EB0804002C29
:10E8F00000F36482DDE902234245ACBF9B18434428
:10E900000393002940F0D281002311930DF14C09AB
:10E91000F9E5019B9B899A053FF556AF019CA06DD7
:10E92000FEF7F4FAA3894FE715F0100340F01E83B9
:10E9300015F0400200F0E583049A52F8046B04924B
:10E940009846B6B2F3E656F8043B0496E80600F1A2
:10E95000E882690640F1E28243F3C0381EB24346C2
:10E960008BE6049E56F8044B4FF000038DF83B30C5
:10E97000002C00F0AB83BBF1FF3F00F029835A4627
:10E9800000212046F2F74CFC002800F00C84031B09
:10E99000009304964FF0000B89E6049E4FF00003AD
:10E9A0008DF83B304FF0010856F8043B8DF88C3061
:10E9B0000496CDF8008023AC29E7FDF707FF76E544
:10E9C000049B53F8042B0292002A80F29A82029A46
:10E9D0000493524202923B7845F00405B2E53B783D
:10E9E0006C2B03BF7B7845F02005013745F01005FF
:10E9F000A8E53B78682B03BF7B7845F400750137A9
:10EA000045F040059EE545F0100A1AF0200800F098
:10EA10005082049E073626F007063346D6F8048057
:10EA200053F8086B0493012384E63B788DF83B4050
:10EA300088E5049B53F8046B049330238DF83C3035
:10EA400078238DF83D30B74B089345F0020A4FF01C
:10EA5000000802236EE6AE0600F17E82EC0600F1AD
:10EA60002D83680600F18C83A90540F12783049E5D
:10EA7000039A56F8043B04961A7044E53B7845F037
:10EA800001055FE59DF83B30002B7FF4E1AD2023CD
:10EA90008DF83B303B7855E53B7845F0800551E5F6
:10EAA000394611F8013B2A2B00F0AD83A3F1300267
:10EAB000092A0F464FF0000B3FF645AD17F8013B12
:10EAC0000BEB8B0B02EB4B0BA3F13002092AF5D9B0
:10EAD00039E5AA46012B3FF4DDAD022B3CAC12D147
:10EAE000089A06F00F033609D35C04F8013D46EAA4
:10EAF00008764FEA181856EA0803F2D13CAB1B1B04
:10EB000055460093D3E506F00703F60846EA487633
:10EB10004FEAD808303356EA0801224604F8013D8E
:10EB2000F1D11AF0010FE9D0302BE7D03023023AAF
:10EB300004F8013C3CAB9B1A554600931446B6E5DD
:10EB40000099139401231491129111930DF14C0922
:10EB500009F10809C6E6029BA3EB0806002E7FF721
:10EB6000A2AE102E40F34B83DFF8BCA15346CDE993
:10EB70000645BA46059C019D1F4607E002F1020CBE
:10EB800009F108090246103E102E1EDD501C1031FE
:10EB900010230728CDE91101C9F80070C9F8043025
:10EBA000ECDD10AA002900F08A80294620460DF1EC
:10EBB0004C09FFF729FC00287FF400AEDDE91121A4
:10EBC000103E102E02F1010CE0DCDDE906453B466B
:10EBD00057469A463144BCF1070FCDE911C1C9F837
:10EBE00000A0C9F8046040F39381002900F0B882C6
:10EBF0000199059810AAFFF707FC00287FF4DEAD05
:10EC0000009BDDE91121ABEB0306002E02F10100B0
:10EC10000DF14C097FF74DAE102EDFF80CA131DD60
:10EC20005346CDE90645BA46059C019D4FF0100BB1
:10EC30001F4607E002F1020C09F108090246103EE6
:10EC4000102E19DD501C10310728C9E9007BCDE9D1
:10EC50001101EFDD10AA19B3294620460DF14C0928
:10EC6000FFF7D2FB00287FF4A9ADDDE91121103EAA
:10EC7000102E02F1010CE5DCDDE906453B4660465D
:10EC800057469A4631440728CDE91101C9F800A03A
:10EC9000C9F8046000F3E48009F10809013008E6CE
:10ECA0004FF0010C0A460DF14C09C8E7019905988F
:10ECB00010AAFFF7A9FB00283FF426AE7EE54FF02F
:10ECC000010C0A460DF14C095DE7002900F0D980DE
:10ECD0000199059810AAFFF797FB00287FF46EAD05
:10ECE000DDE911210DF14C09501CBAE502210FABF1
:10ECF0001491139301200DF14C09024609F1080902
:10ED0000501CCCE5102E40F35482DDE911C1DFF830
:10ED10001CA0CDE90C4510235446059DDDF804A048
:10ED200062460DE0EC0B0108940E0108840E010808
:10ED300002F1020C09F108090246103E102E1BDDFB
:10ED4000501C10310728C9E90043CDE91101EFDD5E
:10ED500010AA19B3514628460DF14C09FFF754FB90
:10ED600000287FF42BADDDE91121103E102E02F1B9
:10ED7000010C4FF01003E3DCA2460D9D0C9C624693
:10ED80003144072ACDE91121C9F800A0C9F804606F
:10ED900000F3A78009F10809501C4DE50A464FF021
:10EDA000010C0DF14C09C8E76C07119150D5029B7D
:10EDB000A3EB0804002C4BDD0DF14C09102C40F3A3
:10EDC0000882DFF8ECA2119A059EDDF804B05346E4
:10EDD0001025BA461F4606E0901C09F108091A469C
:10EDE000103C102C19DD531C1031072BC9E900759C
:10EDF000CDE91131F0DD10AA29B359463046FFF7AD
:10EE000003FB00287FF4DAACDDE91121103C102C63
:10EE100002F101000DF14C09E5DC3B4657469A46EC
:10EE200021440728C9E900A4CDE911017FF762ADAB
:10EE300071B10199059810AAFFF7E6FA00287FF44E
:10EE4000BDAC129956E501200A460DF14C09C7E701
:10EE5000DDE902234245ACBF9B184344039353E5CD
:10EE600000293FF46DAE0199059810AAFFF7CCFA7E
:10EE700000287FF4A3AC1198129901300DF14C09D0
:10EE800017E5069B002B77D101200A460DF14C09AE
:10EE900005E511920DF14C097AE4BBF1000F7FF406
:10EEA000FEAB55464FF0000BCDF800B03CACFFF781
:10EEB000FEBB1AF010033AD11AF0400200F01281A2
:10EEC000049A52F8046B04929846B6B2012331E4D6
:10EED0002D2376428DF83B3068EB4808AA46012383
:10EEE0002CE400297DD00199059810AAFFF78CFA2F
:10EEF00000287FF463ACDDE911210DF14C09501CB1
:10EF00009AE404933B78FFF71DBB3CACFFF7CFBB03
:10EF100009F108090CF101006246C4E4AA0500F1F8
:10EF200037814FEAE3781E464346FFF7A6BB049BB2
:10EF300053F8046B04930123FFF7FCBB099B002BE0
:10EF40003FF486AB099B1B78002B3FF481AB3B78E9
:10EF500045F48065FFF7F6BADDE9031656F8042B91
:10EF60000496CB17C2E90013FFF7CDBA049B53F800
:10EF7000046B0493FFF7DBBB02210FAB14911393D7
:10EF80000DF14C09BAE64B4A089215F0200836D02C
:10EF9000049E073626F007063246D6F8048052F85B
:10EFA000086B0492EA0709D556EA080206D08DF8E4
:10EFB0003D30302345F002058DF83C3025F4806A61
:10EFC0000223FFF7B7BBAA461FE53B4A0892DCE7DE
:10EFD00020460496F2F7B4F84FF0000B0090FFF7CC
:10EFE00066BB9DF83B20002A00F0C08001200DF197
:10EFF0003B02149013920DF14C0901462DE415F0DB
:10F00000100242D0049A52F8046B0492CAE70AF440
:10F010008063CDF800A0CDF81890BA46DDF82490B2
:10F0200000253CAC1F4609E030464146F1F720FE82
:10F030000A2E78F100031BD3064688463046414627
:10F040000A220023F1F714FE1146303104F8011CA6
:10F050000A220023013C0135002FE5D099F8001069
:10F06000A942E1D1FF2DDFD00A2E78F1000363D24F
:10F0700057463CABDDF800A0CDF824901B1BDDF813
:10F08000189000935546FFF712BB15F0400146D08B
:10F09000049951F8046B04919046B6B282E7AA46EF
:10F0A000FFF7F8BA012BAA467FF417ADFFF7F7BABE
:10F0B000840E0108000C0108EC0B0108049E039A61
:10F0C00056F8043B1A600496FFF71DBABBF1060F11
:10F0D000D84628BF4FF00608504CCDF80080049663
:10F0E000FFF795BB049B1AF4007814BF53F8046B28
:10F0F00053F8046B04931CBF9046F6B20123FFF74C
:10F1000019BB049B15F4007814BF53F8046B53F833
:10F11000046B04931CBF9046F6B2FFF708BB049A39
:10F1200015F4007814BF52F8046B52F8046B049283
:10F130001CBF8846F6B235E70B9B0A99E41A1A46BB
:10F140002046FFF7B3F899F801300BB109F1010936
:10F15000304641460A2200230025F1F789FD6BE77E
:10F1600001200A460DF14C09FFF79DBB069B002BC1
:10F170007FF4BCAD0A4601200DF14C09FFF793BBAB
:10F18000049E039A56F8043B04961A80FFF7BBB915
:10F1900043F3C0185EB24346FFF76FBA886DFDF7C0
:10F1A000B5FEFFF7ABBACDF800B004968346FFF783
:10F1B0007EBA119A1299DFF868A00132E0E5019950
:10F1C000059810AAFFF720F900283FF4F5AAFFF7E9
:10F1D000F5BA1198DFF848A0013021E6019B5B6E7B
:10F1E000DB0707D4019B9B899F0503D4019B986D86
:10F1F000FDF78CFE4FF0FF330393FFF7E8BADFF81B
:10F2000024A08446E6E4049A7B780F4652F8041B57
:10F21000049241EAE17BFFF795B900BF140C0108A5
:10F22000840E0108940E0108F0B51F468B89ADF2DB
:10F230006C4D23F00203ADF80C304B6E1993CB8963
:10F24000ADF80E30CB6907934B6A09931AAB009364
:10F2500004934FF48063154606460293059316A85F
:10F2600000230C460693FDF74BFE2A463B466946B3
:10F270003046FFF70FF9051E07DB69463046FDF7FC
:10F2800071FA002818BF4FF0FF35BDF80C305B064F
:10F2900003D5A38943F04003A3811698FDF732FEFE
:10F2A00028460DF26C4DF0BD38B50C46084D84462D
:10F2B000114620461A4600232B606446F4F7A8FE48
:10F2C000431C00D038BD2B68002BFBD0236038BD19
:10F2D000D05B00202DE9F047DFF87CA00646DAF885
:10F2E000000098460F469146FDF70EFE1B4B1B682B
:10F2F000D3F8484124B365681F2D26DC5EB96B1C2A
:10F300000235DAF80000636044F82570FDF7FEFD71
:10F310000020BDE8F08704EB85010123C1F8889047
:10F32000D4F88821AB401A43022EC4F88821C1F8D2
:10F330000881E4D1D4F88C211343C4F88C31DEE782
:10F3400003F5A674C3F84841D5E7DAF80000FDF7E5
:10F35000DDFD4FF0FF30DCE770040020D80B010822
:10F3600000B50B4C25681446EE681A4685B0034676
:10F370000D464CB107490095CDE9011430460649C8
:10F3800000F0B6F800F044FA04490C46F3E700BF79
:10F3900040000020A40E0108B40E0108100A010864
:10F3A00010B502FB01F1FDF723FE044668B150F8E9
:10F3B000042C22F00302043A242A18D8132A06D86F
:10F3C00002460023C2E900339360204610BD0023AB
:10F3D0001B2AC0E900330FD9242AC0E9023311BF28
:10F3E00000F11002036100F118024361E9E7002116
:10F3F000F8F7F0FC204610BD00F10802E1E700BF7D
:10F4000038B5074D0022044608462A60F4F70EFE80
:10F41000431C00D038BD2B68002BFBD0236038BDC7
:10F42000D05B002070B500294BD006460C4610B1C9
:10F43000836B002B48D0636ED80734D5B4F90C30F9
:10F44000002B3ED021463046FDF7FCF8E36A054626
:10F4500033B1E169304698470028B8BF4FF0FF3517
:10F46000A3891A063BD4216B41B104F140039942B0
:10F4700002D03046FDF7A2FA00232363616C21B16C
:10F480003046FDF79BFA00236364FDF725FA636EAF
:10F490000022DB07A28127D5A06DFDF733FDFDF724
:10F4A00021FA284670BDA3899905CBD4A06DFDF73C
:10F4B0002BFDB4F90C30002BC4D1656E15F001059D
:10F4C00008D00025284670BDFDF780F9636ED80787
:10F4D000B4D4E8E7A06DFDF719FD284670BD216999
:10F4E0003046FDF76BFABEE7A06DFDF70FFDD3E7E1
:10F4F0000EB410B583B005AB064C53F8042B019342
:10F5000001462068FEF7C6FF03B0BDE8104003B017
:10F51000704700BF400000202DE9F04383B007464C
:10F520008846144600F0A8F8012803D108F1FF33FB
:10F53000FE2B37D9424604F15C0301A9384600F09E
:10F540003BF9421C064633D038B39DF804C00DF198
:10F550000509002509E023685A1C226083F800C0D1
:10F560000135B54219D219F801CBA368013B002B34
:10F57000A360F0DAD4F818E07345614622463846B5
:10F5800002DBBCF10A0FE6D100F0BEF8431CE7D164
:10F590000646304603B0BDE8F0834646304603B029
:10F5A000BDE8F0835FFA88FC8DF804C00646CEE71C
:10F5B000A389304643F04003A38103B0BDE8F08344
:10F5C00030B5536E13F0010FB2F90C30144683B00E
:10F5D00005469AB201D198051CD5900406D4626EF6
:10F5E00043F4005342F40052A38162662246284647
:10F5F000FFF792FF636EDA07054602D4A3899B05E5
:10F6000002D5284603B030BDA06DFDF77FFC28462B
:10F6100003B030BDA06D0191FDF776FCB4F90C305C
:10F6200001999AB2D9E700BF70B50C46084D034660
:10F630000026204611461C462E60F4F7FAFC431CB7
:10F6400000D070BD2B68002BFBD0236070BD00BFC5
:10F65000D05B002038B5074D0022044608462A60DA
:10F66000F4F7ECFC431C00D038BD2B68002BFBD01A
:10F67000236038BDD05B0020014B93F82801704710
:10F680008408002038B50C46084D844611462046B3
:10F690001A4600232B606446F4F7D2FC431C00D0CA
:10F6A00038BD2B68002BFBD0236038BDD05B002019
:10F6B00082B049B15AB16BB113780B601278101E49
:10F6C00018BF012002B0704701A9002AF3D11046EB
:10F6D00002B070476FF00100F4E700BF38B50C4688
:10F6E000084D8446114620461A4600232B60644686
:10F6F000F4F77EFC431C00D038BD2B68002BFBD0F8
:10F70000236038BDD05B0020F8B50D461446064690
:10F7100010B1836B002B43D0B4F90C20A369A36014
:10F72000170790B21BD52369CBB1EDB281042F46E8
:10F7300022D522686169D31A994229DD0133A16873
:10F740000139A160511C2160157062699A422AD06A
:10F75000A389DB0701D50A2D25D03846F8BD2146FF
:10F760003046FBF7FFFE20BBB4F90C20236990B2B2
:10F77000EDB281042F46DCD442F40052A281626EC5
:10F78000616922F4005262662268D31A9942D5DC7C
:10F7900021463046FCF7E6FF58B922680123CEE740
:10F7A000FDF714F8B8E721463046FCF7DBFF0028E8
:10F7B000D3D04FF0FF37D0E770B5054684B01C4674
:10F7C00039B10B4ED6F8E060B047431C09D004B005
:10F7D00070BD0A460649D1F8E06001A9B047431C54
:10F7E000F5D100228A2322602B6004B070BD00BFD7
:10F7F0008408002049B1FF2A02D80A70012070470E
:10F800008A2303604FF0FF3070470846704700BFFF
:10F8100008B5062000F004F80120F4F7E3FB00BF70
:10F8200038B5154B1F281D6820D8D5F8DC220446B2
:10F8300062B152F820304BB1012B15D0591C0FD0BA
:10F84000002542F820509847284638BD284600F049
:10F850002BF8224601462846BDE8384000F00EB895
:10F8600016232B60012038BD002038BD16232B60E5
:10F870004FF0FF3038BD00BF4000002070B50C468F
:10F88000084D03460026204611461C462E60F4F71C
:10F89000A1FB431C00D070BD2B68002BFBD0236064
:10F8A00070BD00BFD05B0020F4F792BBF8B500BF7D
:10F8B000F8BC08BC9E467047F8B500BFF8BC08BC51
:04F8C0009E467047A9
:10F8C8000000000000007800FC0086008601860128
:10F8D800820182018201820186018601C400FC0046
:10F8E80030000000000000000000000000002000C0
:10F8F800300038003C00300030003000300030006C
:10F9080030003000300030003000000000000000FF
:10F918000000000000007800FC00860182018001E0
:10F92800C000C00060003000100018000C00FE018C
:10F93800FE01000000000000000000000000780048
:10F94800CC00860182018000C0007000C0008001E8
:10F95800800182018600FC003800000000000000E1
:10F96800000000000000C000C000E000F000D0006F
:10F97800D800CC00C600C200FF03FF03C000C000CF
:10F98800C000000000000000000000000000FC00B3
:10F99800FC000400040006007E00C600800180010F
:10F9A80080018301C200FE00380000000000000052
:10F9B800000000000000600020003000180008006F
:10F9C800FC00CE0186010601020106018601FC0049
:10F9D8007800000000000000000000000000FE01A8
:10F9E800FE0180018000C00040006000200030005F
:10F9F80010001000180018000800000000000000A7
:10FA08000000000000007800FC00860082018600EB
:10FA1800CC007C00CE008201820182018601FE00BA
:10FA280078000000000000000000000000007800DE
:10FA3800FE008601830183018301C600FE00780071
:10FA480060003000300018000800000000000000CE
:10FA58000000000000003000300038007800780016
:10FA68004800CC00CC00FC0086008601860182019B
:10FA780003030000000000000000000000007E00FA
:10FA8800FE00860186018601C6007E00C60086014A
:10FA9800860186018601FE003E000000000000008D
:10FAA8000000000000007000FC008C018601860147
:10FAB8000600060006008601860186018C01FC000E
:10FAC80070000000000000000000000000003E0080
:10FAD8007E00C600860186018601860186018601B0
:10FAE80086018601C6007E001E000000000000009E
:10FAF800000000000000FE01FE01060006000600EE
:10FB08000600FE0006000600060006000600FE01CC
:10FB1800FE01000000000000000000000000FE01DF
:10FB2800FE010600060006000600FE00FE000600B4
:10FB3800060006000600060006000000000000009F
:10FB48000000000000007800FC00840086018601A7
:10FB580006000600E6018601860186018C01FC018B
:10FB680030010000000000000000000000008601D5
:10FB780086018601860186018601FE0186018601CD
:10FB880086018601860186018601000000000000CA
:10FB9800000000000000300030003000300030006D
:10FBA80030003000300030003000300030003000CD
:10FBB800300000000000000000000000000080018C
:10FBC800800180018001800180018001800186011F
:10FBD80086018601C600FC00380000000000000015
:10FBE8000000000000008601C600660066003600BE
:10FBF8001E003E003E0066006600C600C600860184
:10FC0800860100000000000000000000000006005F
:10FC180006000600060006000600060006000600AC
:10FC2800060006000600FE01FE01000000000000BC
:10FC38000000000000008601C601CE01CE014A0185
:10FC48004A014A017A017A013A013201320132014C
:10FC580032010000000000000000000000008601E2
:10FC680086018E018E019E019E01B601B601A60194
:10FC7800E601C601C601C6018601000000000000B9
:10FC88000000000000007800FC0086018601860163
:10FC9800820182018201820186018601C600FC0080
:10FCA80038000000000000000000000000007E0096
:10FCB800FE008601860186018601C601FE00060057
:10FCC800060006000600060006000000000000000E
:10FCD8000000000000007800FC0086018601860113
:10FCE8008201820182018201E601E601C600FC0070
:10FCF800B8008000000000000000000000007E0046
:10FD0800FE008601860186018601FE007E006600EF
:10FD18004600C600C60086018601000000000000FB
:10FD28000000000000007800FC0086008601060044
:10FD38000C007800E000C001860186018601FC0005
:10FD48007800000000000000000000000000FE0134
:10FD5800FE0130003000300030003000300030004C
:10FD6800300030003000300030000000000000009B
:10FD780000000000000086018601860186018601D8
:10FD88008601860186018601860186018601FC00BE
:10FD980078000000000000000000000000000301DF
:10FDA8008201860186018600C400CC004C006800F0
:10FDB80078007800380030003000000000000000B3
:10FDC8000000000000003303330133013301BA019E
:10FDD800BA01EA01EE01CE01CE00CE00CC00CC0083
:10FDE800C4000000000000000000000000008601C0
:10FDF8008600CC004C0078003800300030007800D5
:10FE08004C00CC00C6008601830100000000000001
:10FE1800000000000000030186018600CC004C00B1
:10FE280078003800300030003000300030003000FA
:10FE38003000000000000000000000000000FE018B
:10FE4800FE018000C0006000600030001000180053
:10FE58000C0004000600FE01FE0100000000000086
:10FE68000000000000010001800080004000400008
:10FE78002000200010000800080004000400020010
:10FE88000200000000000000000000000000000068
:10FE9800000000000000000000000000000000005A
:10FEA8000000000000000400040000000000000042
:10FEB800000000000000000000000000000000003A
:10FEC80030000000000000000000000000003000CA
:10FED80030000000000000000000000000000000EA
:10FEE8000000C000E000F000F800D800C000C0002A
:10FEF800C000C000C000C000C000C000C000C000FA
:10FF0800C000C000C00000000000000000000000A9
:10FF180000000000000000000000000000000000D9
:10FF2800C000F803FC070C0E0E0C040C000C000EAD
:10FF38000006000780038001C001E000700038005F
:10FF48001C00FC0FFE0F0000000000000000000075
:10FF58000000000000000000000000000000000099
:10FF68008000F00338070C0E0C0C040C000C000683
:10FF78008007C0018007000E000C000C040C0E0C5A
:10FF88000C0EBC07F803C0000000000000000000D1
:10FF98000000000000000000000000000000000059
:10FFA8000000000600078007C007C006600670064C
:10FFB800300618061C060C060606FF1FFF1F000663
:10FFC8000006000600060000000000000000000017
:10FFD8000000000000000000000000000000000019
:10FFE8000000F80FF80F1C000C000C000C00FC01BE
:08FFF800FE070E0E000C000CC8
:020000040801F1
:10000000000C000C020C060C060E9C07F803E00026
:1000100000000000000000000000000000000000E0
:10002000000000000000000000008003C001C000CC
:10003000E00070003000B801F8073C0E0C1C0E18F0
:100040000618061806180E180C1C3C0EF807E001DE
:1000500000000000000000000000000000000000A0
:1000600000000000000000000000FE1FFE1F000C4A
:10007000000C000600060003000380018001C000A0
:10008000C000E00060006000700070003000000000
:100090000000000000000000000000000000000060
:1000A00000000000000000000000F803BC070C0E78
:1000B000060C060C0E0C0C06FC07F801FC070E0ED5
:1000C000060C061C061C060C0E0CBC0FFC07E001FF
:1000D0000000000000000000000000000000000020
:1000E0000000000000000000C000F803FC070E0E36
:1000F000060C060C060C060C060E0E0E9C07F807E6
:1001000080038001C001C000E0006000700030008A
:1001100000000000000000000000000000000000DF
:100120000000000000000000C000F00338071C06BB
:100130000C0C0E0C0E0C060C061C061C061C061CD9
:10014000060C060C0E0C0C0C1C06B807F003C000C5
:10015000000000000000000000000000000000009F
:10016000000000000000000000000000000000008F
:10017000000000000000000000000000000000007F
:10018000000000000000000000001C001C00000037
:10019000000000000000000000000000000000005F
:1001A000000000000000000000000718061C0E1CE4
:1001B0000E0C0C0E0C0E1C061C0618071807380334
:1001C0003003B003F001F001E001E001E000C00005
:1001D000000000000000000000000000000000001F
:1001E0000000040604040404040E000000000E11C4
:1001F00011080402011F00000000080E080808088A
:100200000808083E000000001C22222010100804EC
:10021000223E000000001C22222018202022221C46
:10022000000000001010181414123E1010380000C6
:1002300000003E02021E22202022221C000000009C
:100240000C12011D23212121221C000000003E224E
:100250001010100808080808000000001E212121C5
:100260001E122121211E000000000E112121312E1D
:100270002020120C000000000C122121212121213C
:10028000120C000000000000000000000000060644
:100290000000000000772222141414140808000043
:1002A00000000000000078008400840002010201C8
:1002B0000201020102010201020102018400840024
:1002C0007800000000000000000000000000200096
:1002D0003800200020002000200020002000200006
:1002E0002000200020002000F80000000000000096
:1002F00000000000000078008400020102010201F9
:1003000000018000400020001000080004010201EC
:10031000FE010000000000000000000000003C00A2
:1003200042008200820080004000700080000001D6
:1003300000010201020182007C00000000000000B8
:10034000000000000000400060006000500050000D
:100350004800440044004200FE01400040004000CC
:10036000F001000000000000000000000000FC019F
:10037000040004000400040074008C00000100016B
:1003800000010201020182007C0000000000000068
:1003900000000000000070008800840002000200DD
:1003A0007A008600020102010201020104018400B8
:1003B0007800000000000000000000000000FE01C6
:1003C0000201820040004000400020002000100098
:1003D00010001000100010001000000000000000CD
:1003E0000000000000007800840002010201020108
:1003F00084007800840002010201020102018400ED
:1004000078000000000000000000000000007800FC
:1004100084008200020102010201820144013801CC
:10042000000180008400440038000000000000004B
:10043000000000000000000010001000280028004C
:1004400028002800440044007C0044008200820010
:10045000C7010000000000000000000000000000D4
:100460003F0042004200420022003E004200820063
:1004700082008200820042003F0000000000000075
:100480000000000000000000780184010201020168
:1004900001000100010001000100010102018600CC
:1004A00078000000000000000000000000000000D4
:1004B0003F0042008200020102010201020102012A
:1004C00002010201820042003F0000000000000023
:1004D0000000000000000000FF0082000201420056
:1004E00042007E004200420002000200020182003F
:1004F000FF000000000000000000000000000000FD
:10050000FF0082000201420042007E0042004200E1
:1005100002000200020002000700000000000000CC
:1005200000000000000000007001880104010201C9
:1005300002000200020082030201020104010C0118
:10054000F0000000000000000000000000000000BB
:10055000C70182008200820082008200FE008200C9
:100560008200820082008200C701000000000000BB
:100570000000000000000000FE001000100010004D
:1005800010001000100010001000100010001000EB
:10059000FE0000000000000000000000000000005D
:1005A000FC0120002000200020002000200020006E
:1005B00020002000200020002000210011000E005B
:1005C0000000000000000000E701420022002200BD
:1005D00012001A001600220022004200420082008F
:1005E000C701000000000000000000000000000043
:1005F00007000200020002000200020002000200E6
:100600000200020002018200FF0000000000000062
:100610000000000000000000C701C600C600C600C0
:10062000AA00AA00AA00AA00AA00920092009200C2
:10063000D7010000000000000000000000000000E2
:10064000C70186008A008A008A0092009200A200F8
:10065000A200C200C200C20087000000000000002B
:1006600000000000000000003800C6008200010108
:100670000101010101010101010101018200C60026
:100680003800000000000000000000000000000032
:100690007F00820002010201020182007E0002004E
:1006A000020002000200020007000000000000003B
:1006B00000000000000000003800C60082000101B8
:1006C000010101010101010101011D01A200C6009A
:1006D00078004001800000000000000000000000E1
:1006E0003F0042008200820042003E0012002200D1
:1006F000220042004200820087010000000000004A
:100700000000000000000000B800C40082000200E9
:1007100002000C0030004000800082008200460091
:100720003A0000000000000000000000000000008F
:10073000FE00110111011000100010001000100047
:100740001000100010001000380000000000000031
:100750000000000000000000C7018200820082004B
:1007600082008200820082008200820082004400B7
:100770003800000000000000000000000000000041
:10078000C701820082004400440044004400280065
:1007900028002800100010001000000000000000D9
:1007A0000000000000000000BB01920092009200D7
:1007B0009200AA00AA00AA00AA0044004400440033
:1007C00044000000000000000000000000000000E5
:1007D000CE0184004800480028003000100030009E
:1007E0002800480044008400CE0100000000000002
:1007F0000000000000000000C701820082004400E9
:100800004400280028001000100010001000100004
:1008100038000000000000000000000000000000A0
:10082000FC01840082004000400020001000100005
:100830000800080004018400FE0000000000000021
:100840000000000100018000800040004000200006
:100850002000100010001000080008000400040030
:100860000200020000000000000000000000000084
:100870000000000000000000000000000000000078
:10088000000000000000060006000000000000005C
:100890000000000000000000000000000000300028
:1008A00030000000000000000000000000003000E8
:1008B0003000000000000000000000000000000008
:1008C000000000000000000076008C00840084001E
:1008D0008400840084008400CE0100000000000039
:1008E00000000000000000000000100010001000D8
:1008F000FC0010001000100010001000100010018B
:10090000E000000000000000637263206D69736DF9
:10091000617463680D0000006D616769635F6E75E7
:100920006D3A256C640D0A00466F726D61747469CE
:100930006E6720666C61736820736563746F722ED6
:100940002E2E0000466F726D6174206661696C65C1
:10095000643A2025640A0000466F726D617420734A
:1009600075636365737366756C000000466F756E22
:1009700064206578697374696E6720646174612CA2
:100980002076657273696F6E3A20256C752C206332
:10099000757272656E74206F66667365743A256C45
:1009A000752C206E657874206F66667365743A20C6
:1009B000256C750A000000004E6576657220737420
:1009C0006F726520616E797468696E672C20666F3E
:1009D000726D617474696E672E2E2E005365637498
:1009E0006F722066756C6C2C20666F726D6174740A
:1009F000696E672E2E2E0000466C61736820756E3E
:100A00006C6F636B206661696C65643A2025640ACB
:100A100000000000466C6173682070726F6772613D
:100A20006D206661696C656420617420776F726403
:100A300020256C753A2025640A0000005361766514
:100A4000207375636365737366756C2120566572D8
:100A500073696F6E3A20256C752C204F666673653E
:100A6000743A20256C750A006261636B20746F20F4
:100A700069646C650D0000007072652065786974AA
:100A80002E0D000073617665206265666F726520C9
:100A9000657869742E0D000062746E3D4F4E0D0036
:100AA0006D6F64653D4D414E55414C0D0000000099
:100AB0006D6F64653D4155544F0D000067656E20B4
:100AC000747269670D000000476574206461746189
:100AD0002066726F6D204E564D207375636365738B
:100AE000732E0D0047657420646174612066726F17
:100AF0006D204E564D206661696C65642E204372F0
:100B0000656174696E6720696E69742076616C75C1
:100B1000652E0D000000000000000000010203042B
:100B2000060708090000000001020304464D415871
:100B30004345535700000000436E743A0000000024
:100B400043480000574D0000552F5600492F4100E3
:100B5000430000005600000053510000574531008B
:100B6000434F4F4C0000000057453200534F560092
:100B7000504152414D0000004D414E004155544FEF
:100B80000000000052434C00534156450000000055
:100B90002530376C75000000252E326600000000FD
:100BA000252E316600000000530000004D53000068
:100BB00025303475000000004D414E4C000000000F
:100BC00025640000534156494E472E2E2E0000004A
:100BD000000610160006101648000020494E460078
:100BE000696E66004E414E006E616E0030313233E8
:100BF0003435363738396162636465660000000059
:100C00003031323334353637383941424344454642
:100C100000000000286E756C6C2900003000000098
:100C200020202020202020202020202020202020C4
:100C300030303030303030303030303030303030B4
:100C400020202020202020202020202020202020A4
:100C50003030303030303030303030303030303094
:100C60004E614E00496E66696E697479000000003D
:100C700042616C6C6F632073756363656564656462
:100C8000000000002F6D6E742F776F726B737061B0
:100C900063652F776F726B73706163652F47434392
:100CA0002D31302D706970656C696E652F6A656EC7
:100CB0006B696E732D4743432D31302D706970651C
:100CC0006C696E652D34385F3230323031313234F8
:100CD0005F313630363138303634312F7372632F0E
:100CE0006E65776C69622F6E65776C69622F6C69CF
:100CF00062632F7374646C69622F64746F612E6316
:100D0000000000002F6D6E742F776F726B7370612F
:100D100063652F776F726B73706163652F47434311
:100D20002D31302D706970656C696E652F6A656E46
:100D30006B696E732D4743432D31302D706970659B
:100D40006C696E652D34385F323032303131323477
:100D50005F313630363138303634312F7372632F8D
:100D60006E65776C69622F6E65776C69622F6C694E
:100D700062632F7374646C69622F6D707265632E89
:100D800063000000000000000080E03779C34143A9
:100D9000176E05B5B5B89346F5F93FE9034F384DE1
:100DA000321D30F94877825A3CBF737FDD4F15758D
:100DB000000000000000F03F0000000000002440A0
:100DC00000000000000059400000000000408F407B
:100DD000000000000088C34000000000006AF840E6
:100DE0000000000080842E4100000000D01263410A
:100DF0000000000084D797410000000065CDCD4180
:100E0000000000205FA00242000000E87648374260
:100E1000000000A2941A6D42000040E59C30A242FE
:100E20000000901EC4BCD64200003426F56B0C4373
:100E30000080E03779C3414300A0D885573476431A
:100E400000C84E676DC1AB43003D9160E458E1437B
:100E5000408CB5781DAF154450EFE2D6E41A4B44F0
:100E600092D54D06CFF08044F64AE1C7022DB54435
:100E7000B49DD9794378EA440500000019000000C8
:100E80007D00000020202020202020202020202065
:100E90002020202030303030303030303030303092
:100EA000303030302C2066756E6374696F6E3A2076
:100EB00000000000617373657274696F6E202225F3
:100EC0007322206661696C65643A2066696C6520EE
:100ED000222573222C206C696E65202564257325DC
:100EE000730A0000504F5349580000000020202092
:100EF00020202020202028282828282020202020CA
:100F00002020202020202020202020202088101099
:100F100010101010101010101010101010040404F5
:100F200004040404040404101010101010104141B3
:100F300041414141010101010101010101010101A1
:100F400001010101010101011010101010104242B5
:100F50004242424202020202020202020202020271
:100F60000202020202020202101010102000000011
:100F70000000000000000000000000000000000071
:100F80000000000000000000000000000000000061
:100F90000000000000000000000000000000000051
:100FA0000000000000000000000000000000000041
:100FB0000000000000000000000000000000000031
:100FC0000000000000000000000000000000000021
:100FD0000000000000000000000000000000000011
:100FE0000000000000000000000000000000000001
:080FF000F0FCFE7F010000008F
:080FF80039B60008E50100080C
:04100000C101000822
:10100400FFFF000010270000333313419A99194160
:101014009A991941009435770000803FCDCCCC3D9E
:10102400A086010000943577090000001027000015
:10103400020000000024F400FF0100001000000082
:1010440048000020000000000000000034030020DD
:101054009C030020040400200000000000000000A5
:10106400000000000000000000000000000000007C
:10107400000000000000000000000000000000006C
:10108400000000000000000000000000000000005C
:10109400000000000000000000000000000000004C
:1010A400000000000000000000000000000000003C
:1010B400000000000000000000000000000000002C
:1010C400000000000000000000000000000000001C
:1010D400000000000000000000000000000000000C
:1010E40000000000000000000000000000000000FC
:1010F40001000000000000000E33CDAB34126DE699
:10110400ECDE05000B000000000000000000000001
:1011140000000000000000000000000000000000CB
:1011240000000000000000000000000000000000BB
:1011340000000000000000000000000000000000AB
:10114400000000000000000000000000000000009B
:10115400000000000000000000000000000000008B
:10116400000000000000000000000000000000007B
:10117400000000000000000000000000000000006B
:10118400000000000000000000000000000000005B
:10119400000000000000000000000000000000004B
:1011A400000000000000000000000000000000003B
:1011B400000000000000000000000000000000002B
:1011C400000000000000000000000000000000001B
:1011D400000000000000000000000000000000000B
:1011E40000000000000000000000000000000000FB
:1011F40000000000000000000000000000000000EB
:1012040000000000000000000000000000000000DA
:1012140000000000000000000000000000000000CA
:1012240000000000000000000000000000000000BA
:1012340000000000000000000000000000000000AA
:10124400000000000000000000000000000000009A
:10125400000000000000000000000000000000008A
:10126400000000000000000000000000000000007A
:10127400000000000000000000000000000000006A
:10128400000000000000000000000000000000005A
:10129400000000000000000000000000000000004A
:1012A400000000000000000000000000000000003A
:1012B400000000000000000000000000000000002A
:1012C400000000000000000000000000000000001A
:1012D400000000000000000000000000000000000A
:1012E40000000000000000000000000000000000FA
:1012F40000000000000000000000000000000000EA
:1013040000000000000000000000000000000000D9
:1013140000000000000000000000000000000000C9
:1013240000000000000000000000000000000000B9
:1013340000000000000000000000000000000000A9
:101344000000000000000000000000000000000099
:101354000000000000000000000000000000000089
:101364000000000000000000000000000000000079
:101374000000000000000000000000000000000069
:101384000000000000000000000000000000000059
:101394000000000000000000000000000000000049
:1013A4000000000000000000000000000000000039
:1013B4000000000000000000000000000000000029
:1013C4000000000000000000000000000000000019
:1013D4000000000000000000000000000000000009
:1013E40000000000000000000000000000000000F9
:1013F40000000000000000000000000000000000E9
:1014040000000000000000000000000000000000D8
:1014140000000000000000000000000000000000C8
:1014240000000000000000000000000000000000B8
:1014340000000000000000000000000000000000A8
:101444000000000000000000000000000000000098
:101454000000000000000000000000000000000088
:101464000000000000000000000000000000000078
:101474008C5B0020000000000000000074040020C9
:10148400740400207C0400207C04002084040020D8
:10149400840400208C0400208C0400209404002088
:1014A400940400209C0400209C040020A404002038
:1014B400A4040020AC040020AC040020B4040020E8
:1014C400B4040020BC040020BC040020C404002098
:1014D400C4040020CC040020CC040020D404002048
:1014E400D4040020DC040020DC040020E4040020F8
:1014F400E4040020EC040020EC040020F4040020A8
:10150400F4040020FC040020FC0400200405002056
:10151400040500200C0500200C0500201405002003
:10152400140500201C0500201C05002024050020B3
:10153400240500202C0500202C0500203405002063
:10154400340500203C0500203C0500204405002013
:10155400440500204C0500204C05002054050020C3
:10156400540500205C0500205C0500206405002073
:10157400640500206C0500206C0500207405002023
:10158400740500207C0500207C05002084050020D3
:10159400840500208C0500208C0500209405002083
:1015A400940500209C0500209C050020A405002033
:1015B400A4050020AC050020AC050020B4050020E3
:1015C400B4050020BC050020BC050020C405002093
:1015D400C4050020CC050020CC050020D405002043
:1015E400D4050020DC050020DC050020E4050020F3
:1015F400E4050020EC050020EC050020F4050020A3
:10160400F4050020FC050020FC0500200406002051
:10161400040600200C0600200C06002014060020FE
:10162400140600201C0600201C06002024060020AE
:10163400240600202C0600202C060020340600205E
:10164400340600203C0600203C060020440600200E
:10165400440600204C0600204C06002054060020BE
:10166400540600205C0600205C060020640600206E
:10167400640600206C0600206C060020740600201E
:10168400740600207C0600207C06002084060020CE
:10169400840600208C0600208C060020940600207E
:1016A400940600209C0600209C060020A40600202E
:1016B400A4060020AC060020AC060020B4060020DE
:1016C400B4060020BC060020BC060020C40600208E
:1016D400C4060020CC060020CC060020D40600203E
:1016E400D4060020DC060020DC060020E4060020EE
:1016F400E4060020EC060020EC060020F40600209E
:10170400F4060020FC060020FC060020040700204C
:10171400040700200C0700200C07002014070020F9
:10172400140700201C0700201C07002024070020A9
:10173400240700202C0700202C0700203407002059
:10174400340700203C0700203C0700204407002009
:10175400440700204C0700204C07002054070020B9
:10176400540700205C0700205C0700206407002069
:10177400640700206C0700206C0700207407002019
:10178400740700207C0700207C07002084070020C9
:10179400840700208C0700208C0700209407002079
:1017A400940700209C0700209C070020A407002029
:1017B400A4070020AC070020AC070020B4070020D9
:1017C400B4070020BC070020BC070020C407002089
:1017D400C4070020CC070020CC070020D407002039
:1017E400D4070020DC070020DC070020E4070020E9
:1017F400E4070020EC070020EC070020F407002099
:10180400F4070020FC070020FC0700200408002047
:10181400040800200C0800200C08002014080020F4
:10182400140800201C0800201C08002024080020A4
:10183400240800202C0800202C0800203408002054
:10184400340800203C0800203C0800204408002004
:10185400440800204C0800204C08002054080020B4
:10186400540800205C0800205C0800206408002064
:10187400640800206C0800206C080020FFFFFFFFB4
:10188400000002004300000000000000000000000F
:101894000000000000000000000000000000000044
:1018A40000000000430000000000000000000000F1
:1018B4000000000000000000000000000000000024
:1018C40000000000430000000000000000000000D1
:1018D4000000000000000000000000000000000004
:1018E40000000000430000000000000000000000B1
:1018F40000000000000000000000000000000000E4
:101904000000000043000000000000000000000090
:1019140000000000000000000000000000000000C3
:101924000000000043000000000000000000000070
:1019340000000000000000000000000000000000A3
:101944000000000043000000000000000000000050
:101954000000000000000000000000000000000083
:1019640000000000F5F70008B1F6000800000000D0
:10197400EC0E0108CC0B0108100A0108100A01083A
:10198400100A0108100A0108100A0108100A0108C7
:10199400100A0108100A0108100A0108FFFFFFFFDE
:1019A400FFFFFFFFFFFFFFFFFFFF000001004153A8
:1019B400434949000000000000000000000000004E
:1019C400000000000000000000000000000041537F
:1019D400434949000000000000000000000000002E
:1019E40000000000000000000000000000000000F3
:0400000508005A6134
:00000001FF
